Brand,License,Character,Collection,ProductName,Category,SubCategory,Theme,ReleaseYear,MSRP,Material,RecommendedAge,IsBlindBox,IsLimitedEdition,IsExclusive,SourceURL
POP MART,Disney,Stitch,Disney Stitch Little Emotions,Disney Stitch Little Emotions Series Figures,Collectibles,Blind Box,Emotions,2025.0,17.99,PVC / ABS / Nylon,15+,True,False,False,https://www.popmart.com/us/products/2224/disney-stitch-little-emotions-series-figures
POP MART,THE MONSTERS,Labubu,Have a Seat,THE MONSTERS - Have a Seat Vinyl Plush Blind Box,Collectibles,Blind Box,Cozy,2024.0,17.99,PVC / Polyester / ABS,15+,True,False,False,https://m.popmart.com/us/products/1372/the-monsters-have-a-seat-vinyl-plush-blind-box
POP MART,CRYBABY,CRYBABY,Crying Again,CRYBABY Crying Again Series Figures,Collectibles,Blind Box,Emotions,2024.0,17.99,PVC / ABS,15+,True,False,False,https://www.popmart.com/us/products/1532/crybaby-crying-again-series-figures
POP MART,SKULLPANDA,SKULLPANDA,Winter Symphony,SKULLPANDA Winter Symphony Series Plush,Collectibles,Blind Box,Winter,2024.0,17.99,PVC / ABS / Polyester,15+,True,False,False,https://www.popmart.com/en-HK/products/1267/skullpanda-winter-symphony-series-plush
Jellycat,Original,Cinnamon Bun,Amuseables Food and Drink,Amuseables Cinnamon Bun,Collectibles,Plush,Dessert,,25.0,Polyester,All ages,False,False,False,https://jellycat.com/amuseables-cinnamon-bun/
Jellycat,Original,Croissant,Amuseables Food and Drink,Amuseables Croissant,Collectibles,Plush,Bakery,,20.0,Polyester,All ages,False,False,False,https://jellycat.com/amuseables-croissant/
Jellycat,Original,Pain Au Chocolat,Amuseables Food and Drink,Amuseables Pain Au Chocolat,Collectibles,Plush,Bakery,,20.0,Polyester,All ages,False,False,False,https://jellycat.com/amuseables-pain-au-chocolat/
Jellycat,Original,Baguette,Amuseables Food and Drink,Amuseables Baguette,Collectibles,Plush,Bakery,,28.0,Polyester,All ages,False,False,False,https://jellycat.com/amuseables-baguette/
Jellycat,Original,Mia Macaron,Amuseables Patisserie,Amuseables Mia Macaron,Collectibles,Plush,Dessert,,20.0,Polyester,All ages,False,False,False,https://jellycat.com/amuseables-mia-macaron/
Jellycat,Original,Peach,Amuseables Fruit,Amuseables Peach,Collectibles,Plush,Fruit,,23.0,Polyester,All ages,False,False,False,https://jellycat.com/amuseables-peach/
Jellycat,Original,Horatio Pistachio,Amuseables Food and Drink,Amuseables Horatio Pistachio,Collectibles,Plush,Food,,20.0,Polyester,All ages,False,False,False,https://jellycat.com/amuseables-horatio-pistachio/
Jellycat,Original,Graham Potato,Amuseables Food and Drink,Amuseables Graham Potato,Collectibles,Plush,Vegetable,,23.0,Polyester,All ages,False,False,False,https://jellycat.com/amuseables-potato/
Jellycat,Original,Farfalle,Amuseables Food and Drink,Amuseables Farfalle,Collectibles,Plush,Pasta,,20.0,Polyester,All ages,False,False,False,https://jellycat.com/amuseables-farfalle/
Jellycat,Original,Moon,Amuseables Celestial,Amuseables Moon,Collectibles,Plush,Celestial,,28.0,Polyester,All ages,False,False,False,https://jellycat.com/amuseables-moon/
Mofusand,Mofusand,Mofusand,HIPPERS,mofusand HIPPERS Blind Box,Collectibles,Blind Box,Everyday Life,2024.0,17.99,ATBC-PVC,15+,True,False,False,https://mofusand-mofumofu-market.jp/en/products/4542202670019
Mofusand,Mofusand,Shrimp Meow,HIPPERS Vol. 2 Shrimp Meow Series,mofusand HIPPERS Vol. 2 Shrimp Meow Series Blind Box,Collectibles,Blind Box,Seafood,2025.0,17.99,ATBC-PVC,15+,True,False,False,https://mofusand-mofumofu-market.jp/en/products/4542202670118
Mofusand,Mofusand,Fruit Meow,Fruits Meow,mofusand Fruits Meow Figure Collection,Collectibles,Figure,Fruit,2025.0,29.99,PVC,15+,False,False,False,https://kitan.jp/products/mofusand_fruitnyan/?wovn=en
Mofusand,Sanrio,Mofusand x Sanrio Characters,Sanrio Characters Cosplay Figure 2,mofusand x Sanrio Characters Cosplay Figure 2,Collectibles,Figure,Sanrio Collaboration,2024.0,29.99,PVC,15+,False,False,False,https://kitan.jp/products/mofusand_sanrio_narikiri2/?wovn=en
Mofusand,Sanrio,Mofusand x Sanrio Characters,Sanrio Characters Cosplay Figure 3,mofusand x Sanrio Characters Cosplay Figure 3,Collectibles,Figure,Sanrio Collaboration,2025.0,29.99,PVC,15+,False,False,False,https://kitan.jp/products/mofusand_sanrio_narikiri3/?wovn=en
Mofusand,Mofusand,Shark Meow,Shark Meow,mofusand Chubby Shark Meow Plush S,Collectibles,Plush,Ocean,,29.99,Polyester,3+,False,False,False,https://mofusand-mofumofu-market.jp/en/collections/nuigurumi/products/4582662986909
Mofusand,Mofusand,Shrimp Meow,Shrimp Meow,mofusand Rolly Shrimp Meow Plush,Collectibles,Plush,Seafood,,34.99,Polyester / PE,3+,False,False,False,https://mofusand-mofumofu-market.jp/en/collections/nuigurumi/products/4571609336006
Mofusand,Mofusand,Stationmaster Meow,Mofumofu Station,mofusand Stationmaster Meow Plush S,Collectibles,Plush,Travel,,29.99,Polyester,3+,False,False,False,https://mofusand-mofumofu-market.jp/en/collections/nuigurumi/products/4582662926769
Mofusand,Mofusand,Chili Meow,Meows and Foods,mofusand Angry Chili Meow Standing Plush,Collectibles,Plush,Food,,29.99,Polyester / Nylon / PE,3+,False,False,False,https://mofusand-mofumofu-market.jp/en/collections/nuigurumi/products/4571609352242
Mofusand,Mofusand,Strawberry Meow,MERCI STRAWBERRY,mofusand MERCI STRAWBERRY Plush Red Strawberry,Collectibles,Plush,Strawberry,,29.99,Polyester / Cotton / ABS,3+,False,False,False,https://mofusand-mofumofu-market.jp/en/collections/nuigurumi/products/4571609395294
Baby Three,Baby Three,Baby Three,Elf Series,Baby Three Elf Series Plush Blind Box,Collectibles,Blind Box,Fantasy,,17.99,,,True,False,False,https://www.toys4you.co.uk/collections/baby-three
Baby Three,Baby Three,Baby Three,Billionaire Cat,Baby Three Billionaire Cat Plush Blind Box,Collectibles,Blind Box,Luxury Cats,,17.99,,,True,False,False,https://www.toys4you.co.uk/collections/baby-three
Baby Three,Baby Three,Baby Three,De Lovely,Baby Three De Lovely Plush Blind Box,Collectibles,Blind Box,Romance,,17.99,,,True,False,False,https://www.toys4you.co.uk/collections/baby-three
Baby Three,Baby Three,Baby Three,Twelve Zodiac V2,Baby Three Twelve Zodiac V2 Plush Blind Box,Collectibles,Blind Box,Zodiac,,17.99,,,True,False,False,https://www.toys4you.co.uk/collections/baby-three
Baby Three,Baby Three,Baby Three,Where's Spring?,Baby Three Where's Spring? Plush Blind Box,Collectibles,Blind Box,Spring,,17.99,,,True,False,False,https://www.toys4you.co.uk/collections/baby-three
Baby Three,Baby Three,Baby Three,Alice Rabbit Town,Baby Three Alice Rabbit Town Plush Blind Box,Collectibles,Blind Box,Fairy Tale,,17.99,,,True,False,False,https://toysntuck.co.uk/collections/baby-three
Baby Three,Baby Three,Baby Three,Mini Tiny Rabbit,Baby Three Mini Tiny Rabbit Plush Blind Box,Collectibles,Blind Box,Rabbits,,17.99,,,True,False,False,https://toysntuck.co.uk/collections/baby-three
Baby Three,Baby Three,Baby Three,Baby Dragon,Baby Three Baby Dragon Plush Blind Box,Collectibles,Blind Box,Dragons,,17.99,,,True,False,False,https://toysntuck.co.uk/collections/baby-three
Baby Three,Baby Three,Baby Three,Mini Lolita's Dream,Baby Three Mini Lolita's Dream Plush Blind Box,Collectibles,Blind Box,Lolita Fashion,,17.99,,,True,False,False,https://toysntuck.co.uk/collections/baby-three
Baby Three,Baby Three,Baby Three,Magic Mirror V2,Baby Three Magic Mirror V2 Plush Blind Box,Collectibles,Blind Box,Magic,,17.99,,,True,False,False,https://toysntuck.co.uk/collections/baby-three
