DateKey,Date,Day,DayOfYear,DayOfWeek,DayOfWeekNumber,WeekNumber,MonthNumber,MonthName,MonthShortName,YearMonth,Quarter,YearQuarter,Year,Season,IsWeekend,IsMonthEnd,IsYearEnd,IsHoliday,HolidayName,IsCommercialEvent,CommercialEventName
20240101,2024-01-01,1,1,Monday,1,1,1,January,Jan,2024-01,Q1,2024-Q1,2024,Winter,False,False,False,True,New Year's Day,False,
20240102,2024-01-02,2,2,Tuesday,2,1,1,January,Jan,2024-01,Q1,2024-Q1,2024,Winter,False,False,False,False,,False,
20240103,2024-01-03,3,3,Wednesday,3,1,1,January,Jan,2024-01,Q1,2024-Q1,2024,Winter,False,False,False,False,,False,
20240104,2024-01-04,4,4,Thursday,4,1,1,January,Jan,2024-01,Q1,2024-Q1,2024,Winter,False,False,False,False,,False,
20240105,2024-01-05,5,5,Friday,5,1,1,January,Jan,2024-01,Q1,2024-Q1,2024,Winter,False,False,False,False,,False,
20240106,2024-01-06,6,6,Saturday,6,1,1,January,Jan,2024-01,Q1,2024-Q1,2024,Winter,True,False,False,False,,False,
20240107,2024-01-07,7,7,Sunday,7,1,1,January,Jan,2024-01,Q1,2024-Q1,2024,Winter,True,False,False,False,,False,
20240108,2024-01-08,8,8,Monday,1,2,1,January,Jan,2024-01,Q1,2024-Q1,2024,Winter,False,False,False,False,,False,
20240109,2024-01-09,9,9,Tuesday,2,2,1,January,Jan,2024-01,Q1,2024-Q1,2024,Winter,False,False,False,False,,False,
20240110,2024-01-10,10,10,Wednesday,3,2,1,January,Jan,2024-01,Q1,2024-Q1,2024,Winter,False,False,False,False,,False,
20240111,2024-01-11,11,11,Thursday,4,2,1,January,Jan,2024-01,Q1,2024-Q1,2024,Winter,False,False,False,False,,False,
20240112,2024-01-12,12,12,Friday,5,2,1,January,Jan,2024-01,Q1,2024-Q1,2024,Winter,False,False,False,False,,False,
20240113,2024-01-13,13,13,Saturday,6,2,1,January,Jan,2024-01,Q1,2024-Q1,2024,Winter,True,False,False,False,,False,
20240114,2024-01-14,14,14,Sunday,7,2,1,January,Jan,2024-01,Q1,2024-Q1,2024,Winter,True,False,False,False,,False,
20240115,2024-01-15,15,15,Monday,1,3,1,January,Jan,2024-01,Q1,2024-Q1,2024,Winter,False,False,False,False,,False,
20240116,2024-01-16,16,16,Tuesday,2,3,1,January,Jan,2024-01,Q1,2024-Q1,2024,Winter,False,False,False,False,,False,
20240117,2024-01-17,17,17,Wednesday,3,3,1,January,Jan,2024-01,Q1,2024-Q1,2024,Winter,False,False,False,False,,False,
20240118,2024-01-18,18,18,Thursday,4,3,1,January,Jan,2024-01,Q1,2024-Q1,2024,Winter,False,False,False,False,,False,
20240119,2024-01-19,19,19,Friday,5,3,1,January,Jan,2024-01,Q1,2024-Q1,2024,Winter,False,False,False,False,,False,
20240120,2024-01-20,20,20,Saturday,6,3,1,January,Jan,2024-01,Q1,2024-Q1,2024,Winter,True,False,False,False,,False,
20240121,2024-01-21,21,21,Sunday,7,3,1,January,Jan,2024-01,Q1,2024-Q1,2024,Winter,True,False,False,False,,False,
20240122,2024-01-22,22,22,Monday,1,4,1,January,Jan,2024-01,Q1,2024-Q1,2024,Winter,False,False,False,False,,False,
20240123,2024-01-23,23,23,Tuesday,2,4,1,January,Jan,2024-01,Q1,2024-Q1,2024,Winter,False,False,False,False,,False,
20240124,2024-01-24,24,24,Wednesday,3,4,1,January,Jan,2024-01,Q1,2024-Q1,2024,Winter,False,False,False,False,,False,
20240125,2024-01-25,25,25,Thursday,4,4,1,January,Jan,2024-01,Q1,2024-Q1,2024,Winter,False,False,False,False,,False,
20240126,2024-01-26,26,26,Friday,5,4,1,January,Jan,2024-01,Q1,2024-Q1,2024,Winter,False,False,False,False,,False,
20240127,2024-01-27,27,27,Saturday,6,4,1,January,Jan,2024-01,Q1,2024-Q1,2024,Winter,True,False,False,False,,False,
20240128,2024-01-28,28,28,Sunday,7,4,1,January,Jan,2024-01,Q1,2024-Q1,2024,Winter,True,False,False,False,,False,
20240129,2024-01-29,29,29,Monday,1,5,1,January,Jan,2024-01,Q1,2024-Q1,2024,Winter,False,False,False,False,,False,
20240130,2024-01-30,30,30,Tuesday,2,5,1,January,Jan,2024-01,Q1,2024-Q1,2024,Winter,False,False,False,False,,False,
20240131,2024-01-31,31,31,Wednesday,3,5,1,January,Jan,2024-01,Q1,2024-Q1,2024,Winter,False,True,False,False,,False,
20240201,2024-02-01,1,32,Thursday,4,5,2,February,Feb,2024-02,Q1,2024-Q1,2024,Winter,False,False,False,False,,False,
20240202,2024-02-02,2,33,Friday,5,5,2,February,Feb,2024-02,Q1,2024-Q1,2024,Winter,False,False,False,False,,False,
20240203,2024-02-03,3,34,Saturday,6,5,2,February,Feb,2024-02,Q1,2024-Q1,2024,Winter,True,False,False,False,,False,
20240204,2024-02-04,4,35,Sunday,7,5,2,February,Feb,2024-02,Q1,2024-Q1,2024,Winter,True,False,False,False,,False,
20240205,2024-02-05,5,36,Monday,1,6,2,February,Feb,2024-02,Q1,2024-Q1,2024,Winter,False,False,False,False,,False,
20240206,2024-02-06,6,37,Tuesday,2,6,2,February,Feb,2024-02,Q1,2024-Q1,2024,Winter,False,False,False,False,,False,
20240207,2024-02-07,7,38,Wednesday,3,6,2,February,Feb,2024-02,Q1,2024-Q1,2024,Winter,False,False,False,False,,False,
20240208,2024-02-08,8,39,Thursday,4,6,2,February,Feb,2024-02,Q1,2024-Q1,2024,Winter,False,False,False,False,,False,
20240209,2024-02-09,9,40,Friday,5,6,2,February,Feb,2024-02,Q1,2024-Q1,2024,Winter,False,False,False,False,,False,
20240210,2024-02-10,10,41,Saturday,6,6,2,February,Feb,2024-02,Q1,2024-Q1,2024,Winter,True,False,False,False,,False,
20240211,2024-02-11,11,42,Sunday,7,6,2,February,Feb,2024-02,Q1,2024-Q1,2024,Winter,True,False,False,False,,False,
20240212,2024-02-12,12,43,Monday,1,7,2,February,Feb,2024-02,Q1,2024-Q1,2024,Winter,False,False,False,False,,False,
20240213,2024-02-13,13,44,Tuesday,2,7,2,February,Feb,2024-02,Q1,2024-Q1,2024,Winter,False,False,False,False,,False,
20240214,2024-02-14,14,45,Wednesday,3,7,2,February,Feb,2024-02,Q1,2024-Q1,2024,Winter,False,False,False,False,,True,Valentine's Day
20240215,2024-02-15,15,46,Thursday,4,7,2,February,Feb,2024-02,Q1,2024-Q1,2024,Winter,False,False,False,False,,False,
20240216,2024-02-16,16,47,Friday,5,7,2,February,Feb,2024-02,Q1,2024-Q1,2024,Winter,False,False,False,False,,False,
20240217,2024-02-17,17,48,Saturday,6,7,2,February,Feb,2024-02,Q1,2024-Q1,2024,Winter,True,False,False,False,,False,
20240218,2024-02-18,18,49,Sunday,7,7,2,February,Feb,2024-02,Q1,2024-Q1,2024,Winter,True,False,False,False,,False,
20240219,2024-02-19,19,50,Monday,1,8,2,February,Feb,2024-02,Q1,2024-Q1,2024,Winter,False,False,False,False,,False,
20240220,2024-02-20,20,51,Tuesday,2,8,2,February,Feb,2024-02,Q1,2024-Q1,2024,Winter,False,False,False,False,,False,
20240221,2024-02-21,21,52,Wednesday,3,8,2,February,Feb,2024-02,Q1,2024-Q1,2024,Winter,False,False,False,False,,False,
20240222,2024-02-22,22,53,Thursday,4,8,2,February,Feb,2024-02,Q1,2024-Q1,2024,Winter,False,False,False,False,,False,
20240223,2024-02-23,23,54,Friday,5,8,2,February,Feb,2024-02,Q1,2024-Q1,2024,Winter,False,False,False,False,,False,
20240224,2024-02-24,24,55,Saturday,6,8,2,February,Feb,2024-02,Q1,2024-Q1,2024,Winter,True,False,False,False,,False,
20240225,2024-02-25,25,56,Sunday,7,8,2,February,Feb,2024-02,Q1,2024-Q1,2024,Winter,True,False,False,False,,False,
20240226,2024-02-26,26,57,Monday,1,9,2,February,Feb,2024-02,Q1,2024-Q1,2024,Winter,False,False,False,False,,False,
20240227,2024-02-27,27,58,Tuesday,2,9,2,February,Feb,2024-02,Q1,2024-Q1,2024,Winter,False,False,False,False,,False,
20240228,2024-02-28,28,59,Wednesday,3,9,2,February,Feb,2024-02,Q1,2024-Q1,2024,Winter,False,False,False,False,,False,
20240229,2024-02-29,29,60,Thursday,4,9,2,February,Feb,2024-02,Q1,2024-Q1,2024,Winter,False,True,False,False,,False,
20240301,2024-03-01,1,61,Friday,5,9,3,March,Mar,2024-03,Q1,2024-Q1,2024,Spring,False,False,False,False,,False,
20240302,2024-03-02,2,62,Saturday,6,9,3,March,Mar,2024-03,Q1,2024-Q1,2024,Spring,True,False,False,False,,False,
20240303,2024-03-03,3,63,Sunday,7,9,3,March,Mar,2024-03,Q1,2024-Q1,2024,Spring,True,False,False,False,,False,
20240304,2024-03-04,4,64,Monday,1,10,3,March,Mar,2024-03,Q1,2024-Q1,2024,Spring,False,False,False,False,,False,
20240305,2024-03-05,5,65,Tuesday,2,10,3,March,Mar,2024-03,Q1,2024-Q1,2024,Spring,False,False,False,False,,False,
20240306,2024-03-06,6,66,Wednesday,3,10,3,March,Mar,2024-03,Q1,2024-Q1,2024,Spring,False,False,False,False,,False,
20240307,2024-03-07,7,67,Thursday,4,10,3,March,Mar,2024-03,Q1,2024-Q1,2024,Spring,False,False,False,False,,False,
20240308,2024-03-08,8,68,Friday,5,10,3,March,Mar,2024-03,Q1,2024-Q1,2024,Spring,False,False,False,False,,False,
20240309,2024-03-09,9,69,Saturday,6,10,3,March,Mar,2024-03,Q1,2024-Q1,2024,Spring,True,False,False,False,,False,
20240310,2024-03-10,10,70,Sunday,7,10,3,March,Mar,2024-03,Q1,2024-Q1,2024,Spring,True,False,False,False,,False,
20240311,2024-03-11,11,71,Monday,1,11,3,March,Mar,2024-03,Q1,2024-Q1,2024,Spring,False,False,False,False,,False,
20240312,2024-03-12,12,72,Tuesday,2,11,3,March,Mar,2024-03,Q1,2024-Q1,2024,Spring,False,False,False,False,,False,
20240313,2024-03-13,13,73,Wednesday,3,11,3,March,Mar,2024-03,Q1,2024-Q1,2024,Spring,False,False,False,False,,False,
20240314,2024-03-14,14,74,Thursday,4,11,3,March,Mar,2024-03,Q1,2024-Q1,2024,Spring,False,False,False,False,,False,
20240315,2024-03-15,15,75,Friday,5,11,3,March,Mar,2024-03,Q1,2024-Q1,2024,Spring,False,False,False,False,,False,
20240316,2024-03-16,16,76,Saturday,6,11,3,March,Mar,2024-03,Q1,2024-Q1,2024,Spring,True,False,False,False,,False,
20240317,2024-03-17,17,77,Sunday,7,11,3,March,Mar,2024-03,Q1,2024-Q1,2024,Spring,True,False,False,False,,False,
20240318,2024-03-18,18,78,Monday,1,12,3,March,Mar,2024-03,Q1,2024-Q1,2024,Spring,False,False,False,False,,False,
20240319,2024-03-19,19,79,Tuesday,2,12,3,March,Mar,2024-03,Q1,2024-Q1,2024,Spring,False,False,False,False,,False,
20240320,2024-03-20,20,80,Wednesday,3,12,3,March,Mar,2024-03,Q1,2024-Q1,2024,Spring,False,False,False,False,,False,
20240321,2024-03-21,21,81,Thursday,4,12,3,March,Mar,2024-03,Q1,2024-Q1,2024,Spring,False,False,False,False,,False,
20240322,2024-03-22,22,82,Friday,5,12,3,March,Mar,2024-03,Q1,2024-Q1,2024,Spring,False,False,False,False,,False,
20240323,2024-03-23,23,83,Saturday,6,12,3,March,Mar,2024-03,Q1,2024-Q1,2024,Spring,True,False,False,False,,False,
20240324,2024-03-24,24,84,Sunday,7,12,3,March,Mar,2024-03,Q1,2024-Q1,2024,Spring,True,False,False,False,,False,
20240325,2024-03-25,25,85,Monday,1,13,3,March,Mar,2024-03,Q1,2024-Q1,2024,Spring,False,False,False,False,,False,
20240326,2024-03-26,26,86,Tuesday,2,13,3,March,Mar,2024-03,Q1,2024-Q1,2024,Spring,False,False,False,False,,False,
20240327,2024-03-27,27,87,Wednesday,3,13,3,March,Mar,2024-03,Q1,2024-Q1,2024,Spring,False,False,False,False,,False,
20240328,2024-03-28,28,88,Thursday,4,13,3,March,Mar,2024-03,Q1,2024-Q1,2024,Spring,False,False,False,False,,False,
20240329,2024-03-29,29,89,Friday,5,13,3,March,Mar,2024-03,Q1,2024-Q1,2024,Spring,False,False,False,True,Good Friday,False,
20240330,2024-03-30,30,90,Saturday,6,13,3,March,Mar,2024-03,Q1,2024-Q1,2024,Spring,True,False,False,False,,False,
20240331,2024-03-31,31,91,Sunday,7,13,3,March,Mar,2024-03,Q1,2024-Q1,2024,Spring,True,True,False,False,,False,
20240401,2024-04-01,1,92,Monday,1,14,4,April,Apr,2024-04,Q2,2024-Q2,2024,Spring,False,False,False,True,Easter Monday,False,
20240402,2024-04-02,2,93,Tuesday,2,14,4,April,Apr,2024-04,Q2,2024-Q2,2024,Spring,False,False,False,False,,False,
20240403,2024-04-03,3,94,Wednesday,3,14,4,April,Apr,2024-04,Q2,2024-Q2,2024,Spring,False,False,False,False,,False,
20240404,2024-04-04,4,95,Thursday,4,14,4,April,Apr,2024-04,Q2,2024-Q2,2024,Spring,False,False,False,False,,False,
20240405,2024-04-05,5,96,Friday,5,14,4,April,Apr,2024-04,Q2,2024-Q2,2024,Spring,False,False,False,False,,False,
20240406,2024-04-06,6,97,Saturday,6,14,4,April,Apr,2024-04,Q2,2024-Q2,2024,Spring,True,False,False,False,,False,
20240407,2024-04-07,7,98,Sunday,7,14,4,April,Apr,2024-04,Q2,2024-Q2,2024,Spring,True,False,False,False,,False,
20240408,2024-04-08,8,99,Monday,1,15,4,April,Apr,2024-04,Q2,2024-Q2,2024,Spring,False,False,False,False,,False,
20240409,2024-04-09,9,100,Tuesday,2,15,4,April,Apr,2024-04,Q2,2024-Q2,2024,Spring,False,False,False,False,,False,
20240410,2024-04-10,10,101,Wednesday,3,15,4,April,Apr,2024-04,Q2,2024-Q2,2024,Spring,False,False,False,False,,False,
20240411,2024-04-11,11,102,Thursday,4,15,4,April,Apr,2024-04,Q2,2024-Q2,2024,Spring,False,False,False,False,,False,
20240412,2024-04-12,12,103,Friday,5,15,4,April,Apr,2024-04,Q2,2024-Q2,2024,Spring,False,False,False,False,,False,
20240413,2024-04-13,13,104,Saturday,6,15,4,April,Apr,2024-04,Q2,2024-Q2,2024,Spring,True,False,False,False,,False,
20240414,2024-04-14,14,105,Sunday,7,15,4,April,Apr,2024-04,Q2,2024-Q2,2024,Spring,True,False,False,False,,False,
20240415,2024-04-15,15,106,Monday,1,16,4,April,Apr,2024-04,Q2,2024-Q2,2024,Spring,False,False,False,False,,False,
20240416,2024-04-16,16,107,Tuesday,2,16,4,April,Apr,2024-04,Q2,2024-Q2,2024,Spring,False,False,False,False,,False,
20240417,2024-04-17,17,108,Wednesday,3,16,4,April,Apr,2024-04,Q2,2024-Q2,2024,Spring,False,False,False,False,,False,
20240418,2024-04-18,18,109,Thursday,4,16,4,April,Apr,2024-04,Q2,2024-Q2,2024,Spring,False,False,False,False,,False,
20240419,2024-04-19,19,110,Friday,5,16,4,April,Apr,2024-04,Q2,2024-Q2,2024,Spring,False,False,False,False,,False,
20240420,2024-04-20,20,111,Saturday,6,16,4,April,Apr,2024-04,Q2,2024-Q2,2024,Spring,True,False,False,False,,False,
20240421,2024-04-21,21,112,Sunday,7,16,4,April,Apr,2024-04,Q2,2024-Q2,2024,Spring,True,False,False,False,,False,
20240422,2024-04-22,22,113,Monday,1,17,4,April,Apr,2024-04,Q2,2024-Q2,2024,Spring,False,False,False,False,,False,
20240423,2024-04-23,23,114,Tuesday,2,17,4,April,Apr,2024-04,Q2,2024-Q2,2024,Spring,False,False,False,False,,False,
20240424,2024-04-24,24,115,Wednesday,3,17,4,April,Apr,2024-04,Q2,2024-Q2,2024,Spring,False,False,False,False,,False,
20240425,2024-04-25,25,116,Thursday,4,17,4,April,Apr,2024-04,Q2,2024-Q2,2024,Spring,False,False,False,False,,False,
20240426,2024-04-26,26,117,Friday,5,17,4,April,Apr,2024-04,Q2,2024-Q2,2024,Spring,False,False,False,False,,False,
20240427,2024-04-27,27,118,Saturday,6,17,4,April,Apr,2024-04,Q2,2024-Q2,2024,Spring,True,False,False,False,,False,
20240428,2024-04-28,28,119,Sunday,7,17,4,April,Apr,2024-04,Q2,2024-Q2,2024,Spring,True,False,False,False,,False,
20240429,2024-04-29,29,120,Monday,1,18,4,April,Apr,2024-04,Q2,2024-Q2,2024,Spring,False,False,False,False,,False,
20240430,2024-04-30,30,121,Tuesday,2,18,4,April,Apr,2024-04,Q2,2024-Q2,2024,Spring,False,True,False,False,,False,
20240501,2024-05-01,1,122,Wednesday,3,18,5,May,May,2024-05,Q2,2024-Q2,2024,Spring,False,False,False,False,,False,
20240502,2024-05-02,2,123,Thursday,4,18,5,May,May,2024-05,Q2,2024-Q2,2024,Spring,False,False,False,False,,False,
20240503,2024-05-03,3,124,Friday,5,18,5,May,May,2024-05,Q2,2024-Q2,2024,Spring,False,False,False,False,,False,
20240504,2024-05-04,4,125,Saturday,6,18,5,May,May,2024-05,Q2,2024-Q2,2024,Spring,True,False,False,False,,False,
20240505,2024-05-05,5,126,Sunday,7,18,5,May,May,2024-05,Q2,2024-Q2,2024,Spring,True,False,False,False,,False,
20240506,2024-05-06,6,127,Monday,1,19,5,May,May,2024-05,Q2,2024-Q2,2024,Spring,False,False,False,True,May Day,False,
20240507,2024-05-07,7,128,Tuesday,2,19,5,May,May,2024-05,Q2,2024-Q2,2024,Spring,False,False,False,False,,False,
20240508,2024-05-08,8,129,Wednesday,3,19,5,May,May,2024-05,Q2,2024-Q2,2024,Spring,False,False,False,False,,False,
20240509,2024-05-09,9,130,Thursday,4,19,5,May,May,2024-05,Q2,2024-Q2,2024,Spring,False,False,False,False,,False,
20240510,2024-05-10,10,131,Friday,5,19,5,May,May,2024-05,Q2,2024-Q2,2024,Spring,False,False,False,False,,False,
20240511,2024-05-11,11,132,Saturday,6,19,5,May,May,2024-05,Q2,2024-Q2,2024,Spring,True,False,False,False,,False,
20240512,2024-05-12,12,133,Sunday,7,19,5,May,May,2024-05,Q2,2024-Q2,2024,Spring,True,False,False,False,,False,
20240513,2024-05-13,13,134,Monday,1,20,5,May,May,2024-05,Q2,2024-Q2,2024,Spring,False,False,False,False,,False,
20240514,2024-05-14,14,135,Tuesday,2,20,5,May,May,2024-05,Q2,2024-Q2,2024,Spring,False,False,False,False,,False,
20240515,2024-05-15,15,136,Wednesday,3,20,5,May,May,2024-05,Q2,2024-Q2,2024,Spring,False,False,False,False,,False,
20240516,2024-05-16,16,137,Thursday,4,20,5,May,May,2024-05,Q2,2024-Q2,2024,Spring,False,False,False,False,,False,
20240517,2024-05-17,17,138,Friday,5,20,5,May,May,2024-05,Q2,2024-Q2,2024,Spring,False,False,False,False,,False,
20240518,2024-05-18,18,139,Saturday,6,20,5,May,May,2024-05,Q2,2024-Q2,2024,Spring,True,False,False,False,,False,
20240519,2024-05-19,19,140,Sunday,7,20,5,May,May,2024-05,Q2,2024-Q2,2024,Spring,True,False,False,False,,False,
20240520,2024-05-20,20,141,Monday,1,21,5,May,May,2024-05,Q2,2024-Q2,2024,Spring,False,False,False,False,,False,
20240521,2024-05-21,21,142,Tuesday,2,21,5,May,May,2024-05,Q2,2024-Q2,2024,Spring,False,False,False,False,,False,
20240522,2024-05-22,22,143,Wednesday,3,21,5,May,May,2024-05,Q2,2024-Q2,2024,Spring,False,False,False,False,,False,
20240523,2024-05-23,23,144,Thursday,4,21,5,May,May,2024-05,Q2,2024-Q2,2024,Spring,False,False,False,False,,False,
20240524,2024-05-24,24,145,Friday,5,21,5,May,May,2024-05,Q2,2024-Q2,2024,Spring,False,False,False,False,,False,
20240525,2024-05-25,25,146,Saturday,6,21,5,May,May,2024-05,Q2,2024-Q2,2024,Spring,True,False,False,False,,False,
20240526,2024-05-26,26,147,Sunday,7,21,5,May,May,2024-05,Q2,2024-Q2,2024,Spring,True,False,False,False,,False,
20240527,2024-05-27,27,148,Monday,1,22,5,May,May,2024-05,Q2,2024-Q2,2024,Spring,False,False,False,True,Spring Bank Holiday,False,
20240528,2024-05-28,28,149,Tuesday,2,22,5,May,May,2024-05,Q2,2024-Q2,2024,Spring,False,False,False,False,,False,
20240529,2024-05-29,29,150,Wednesday,3,22,5,May,May,2024-05,Q2,2024-Q2,2024,Spring,False,False,False,False,,False,
20240530,2024-05-30,30,151,Thursday,4,22,5,May,May,2024-05,Q2,2024-Q2,2024,Spring,False,False,False,False,,False,
20240531,2024-05-31,31,152,Friday,5,22,5,May,May,2024-05,Q2,2024-Q2,2024,Spring,False,True,False,False,,False,
20240601,2024-06-01,1,153,Saturday,6,22,6,June,Jun,2024-06,Q2,2024-Q2,2024,Summer,True,False,False,False,,False,
20240602,2024-06-02,2,154,Sunday,7,22,6,June,Jun,2024-06,Q2,2024-Q2,2024,Summer,True,False,False,False,,False,
20240603,2024-06-03,3,155,Monday,1,23,6,June,Jun,2024-06,Q2,2024-Q2,2024,Summer,False,False,False,False,,False,
20240604,2024-06-04,4,156,Tuesday,2,23,6,June,Jun,2024-06,Q2,2024-Q2,2024,Summer,False,False,False,False,,False,
20240605,2024-06-05,5,157,Wednesday,3,23,6,June,Jun,2024-06,Q2,2024-Q2,2024,Summer,False,False,False,False,,False,
20240606,2024-06-06,6,158,Thursday,4,23,6,June,Jun,2024-06,Q2,2024-Q2,2024,Summer,False,False,False,False,,False,
20240607,2024-06-07,7,159,Friday,5,23,6,June,Jun,2024-06,Q2,2024-Q2,2024,Summer,False,False,False,False,,False,
20240608,2024-06-08,8,160,Saturday,6,23,6,June,Jun,2024-06,Q2,2024-Q2,2024,Summer,True,False,False,False,,False,
20240609,2024-06-09,9,161,Sunday,7,23,6,June,Jun,2024-06,Q2,2024-Q2,2024,Summer,True,False,False,False,,False,
20240610,2024-06-10,10,162,Monday,1,24,6,June,Jun,2024-06,Q2,2024-Q2,2024,Summer,False,False,False,False,,False,
20240611,2024-06-11,11,163,Tuesday,2,24,6,June,Jun,2024-06,Q2,2024-Q2,2024,Summer,False,False,False,False,,False,
20240612,2024-06-12,12,164,Wednesday,3,24,6,June,Jun,2024-06,Q2,2024-Q2,2024,Summer,False,False,False,False,,False,
20240613,2024-06-13,13,165,Thursday,4,24,6,June,Jun,2024-06,Q2,2024-Q2,2024,Summer,False,False,False,False,,False,
20240614,2024-06-14,14,166,Friday,5,24,6,June,Jun,2024-06,Q2,2024-Q2,2024,Summer,False,False,False,False,,False,
20240615,2024-06-15,15,167,Saturday,6,24,6,June,Jun,2024-06,Q2,2024-Q2,2024,Summer,True,False,False,False,,False,
20240616,2024-06-16,16,168,Sunday,7,24,6,June,Jun,2024-06,Q2,2024-Q2,2024,Summer,True,False,False,False,,False,
20240617,2024-06-17,17,169,Monday,1,25,6,June,Jun,2024-06,Q2,2024-Q2,2024,Summer,False,False,False,False,,False,
20240618,2024-06-18,18,170,Tuesday,2,25,6,June,Jun,2024-06,Q2,2024-Q2,2024,Summer,False,False,False,False,,False,
20240619,2024-06-19,19,171,Wednesday,3,25,6,June,Jun,2024-06,Q2,2024-Q2,2024,Summer,False,False,False,False,,False,
20240620,2024-06-20,20,172,Thursday,4,25,6,June,Jun,2024-06,Q2,2024-Q2,2024,Summer,False,False,False,False,,False,
20240621,2024-06-21,21,173,Friday,5,25,6,June,Jun,2024-06,Q2,2024-Q2,2024,Summer,False,False,False,False,,False,
20240622,2024-06-22,22,174,Saturday,6,25,6,June,Jun,2024-06,Q2,2024-Q2,2024,Summer,True,False,False,False,,False,
20240623,2024-06-23,23,175,Sunday,7,25,6,June,Jun,2024-06,Q2,2024-Q2,2024,Summer,True,False,False,False,,False,
20240624,2024-06-24,24,176,Monday,1,26,6,June,Jun,2024-06,Q2,2024-Q2,2024,Summer,False,False,False,False,,False,
20240625,2024-06-25,25,177,Tuesday,2,26,6,June,Jun,2024-06,Q2,2024-Q2,2024,Summer,False,False,False,False,,False,
20240626,2024-06-26,26,178,Wednesday,3,26,6,June,Jun,2024-06,Q2,2024-Q2,2024,Summer,False,False,False,False,,False,
20240627,2024-06-27,27,179,Thursday,4,26,6,June,Jun,2024-06,Q2,2024-Q2,2024,Summer,False,False,False,False,,False,
20240628,2024-06-28,28,180,Friday,5,26,6,June,Jun,2024-06,Q2,2024-Q2,2024,Summer,False,False,False,False,,False,
20240629,2024-06-29,29,181,Saturday,6,26,6,June,Jun,2024-06,Q2,2024-Q2,2024,Summer,True,False,False,False,,False,
20240630,2024-06-30,30,182,Sunday,7,26,6,June,Jun,2024-06,Q2,2024-Q2,2024,Summer,True,True,False,False,,False,
20240701,2024-07-01,1,183,Monday,1,27,7,July,Jul,2024-07,Q3,2024-Q3,2024,Summer,False,False,False,False,,False,
20240702,2024-07-02,2,184,Tuesday,2,27,7,July,Jul,2024-07,Q3,2024-Q3,2024,Summer,False,False,False,False,,False,
20240703,2024-07-03,3,185,Wednesday,3,27,7,July,Jul,2024-07,Q3,2024-Q3,2024,Summer,False,False,False,False,,False,
20240704,2024-07-04,4,186,Thursday,4,27,7,July,Jul,2024-07,Q3,2024-Q3,2024,Summer,False,False,False,False,,False,
20240705,2024-07-05,5,187,Friday,5,27,7,July,Jul,2024-07,Q3,2024-Q3,2024,Summer,False,False,False,False,,False,
20240706,2024-07-06,6,188,Saturday,6,27,7,July,Jul,2024-07,Q3,2024-Q3,2024,Summer,True,False,False,False,,False,
20240707,2024-07-07,7,189,Sunday,7,27,7,July,Jul,2024-07,Q3,2024-Q3,2024,Summer,True,False,False,False,,False,
20240708,2024-07-08,8,190,Monday,1,28,7,July,Jul,2024-07,Q3,2024-Q3,2024,Summer,False,False,False,False,,False,
20240709,2024-07-09,9,191,Tuesday,2,28,7,July,Jul,2024-07,Q3,2024-Q3,2024,Summer,False,False,False,False,,False,
20240710,2024-07-10,10,192,Wednesday,3,28,7,July,Jul,2024-07,Q3,2024-Q3,2024,Summer,False,False,False,False,,False,
20240711,2024-07-11,11,193,Thursday,4,28,7,July,Jul,2024-07,Q3,2024-Q3,2024,Summer,False,False,False,False,,False,
20240712,2024-07-12,12,194,Friday,5,28,7,July,Jul,2024-07,Q3,2024-Q3,2024,Summer,False,False,False,False,,False,
20240713,2024-07-13,13,195,Saturday,6,28,7,July,Jul,2024-07,Q3,2024-Q3,2024,Summer,True,False,False,False,,False,
20240714,2024-07-14,14,196,Sunday,7,28,7,July,Jul,2024-07,Q3,2024-Q3,2024,Summer,True,False,False,False,,False,
20240715,2024-07-15,15,197,Monday,1,29,7,July,Jul,2024-07,Q3,2024-Q3,2024,Summer,False,False,False,False,,False,
20240716,2024-07-16,16,198,Tuesday,2,29,7,July,Jul,2024-07,Q3,2024-Q3,2024,Summer,False,False,False,False,,False,
20240717,2024-07-17,17,199,Wednesday,3,29,7,July,Jul,2024-07,Q3,2024-Q3,2024,Summer,False,False,False,False,,False,
20240718,2024-07-18,18,200,Thursday,4,29,7,July,Jul,2024-07,Q3,2024-Q3,2024,Summer,False,False,False,False,,False,
20240719,2024-07-19,19,201,Friday,5,29,7,July,Jul,2024-07,Q3,2024-Q3,2024,Summer,False,False,False,False,,False,
20240720,2024-07-20,20,202,Saturday,6,29,7,July,Jul,2024-07,Q3,2024-Q3,2024,Summer,True,False,False,False,,False,
20240721,2024-07-21,21,203,Sunday,7,29,7,July,Jul,2024-07,Q3,2024-Q3,2024,Summer,True,False,False,False,,False,
20240722,2024-07-22,22,204,Monday,1,30,7,July,Jul,2024-07,Q3,2024-Q3,2024,Summer,False,False,False,False,,False,
20240723,2024-07-23,23,205,Tuesday,2,30,7,July,Jul,2024-07,Q3,2024-Q3,2024,Summer,False,False,False,False,,False,
20240724,2024-07-24,24,206,Wednesday,3,30,7,July,Jul,2024-07,Q3,2024-Q3,2024,Summer,False,False,False,False,,False,
20240725,2024-07-25,25,207,Thursday,4,30,7,July,Jul,2024-07,Q3,2024-Q3,2024,Summer,False,False,False,False,,False,
20240726,2024-07-26,26,208,Friday,5,30,7,July,Jul,2024-07,Q3,2024-Q3,2024,Summer,False,False,False,False,,False,
20240727,2024-07-27,27,209,Saturday,6,30,7,July,Jul,2024-07,Q3,2024-Q3,2024,Summer,True,False,False,False,,False,
20240728,2024-07-28,28,210,Sunday,7,30,7,July,Jul,2024-07,Q3,2024-Q3,2024,Summer,True,False,False,False,,False,
20240729,2024-07-29,29,211,Monday,1,31,7,July,Jul,2024-07,Q3,2024-Q3,2024,Summer,False,False,False,False,,False,
20240730,2024-07-30,30,212,Tuesday,2,31,7,July,Jul,2024-07,Q3,2024-Q3,2024,Summer,False,False,False,False,,False,
20240731,2024-07-31,31,213,Wednesday,3,31,7,July,Jul,2024-07,Q3,2024-Q3,2024,Summer,False,True,False,False,,False,
20240801,2024-08-01,1,214,Thursday,4,31,8,August,Aug,2024-08,Q3,2024-Q3,2024,Summer,False,False,False,False,,False,
20240802,2024-08-02,2,215,Friday,5,31,8,August,Aug,2024-08,Q3,2024-Q3,2024,Summer,False,False,False,False,,False,
20240803,2024-08-03,3,216,Saturday,6,31,8,August,Aug,2024-08,Q3,2024-Q3,2024,Summer,True,False,False,False,,False,
20240804,2024-08-04,4,217,Sunday,7,31,8,August,Aug,2024-08,Q3,2024-Q3,2024,Summer,True,False,False,False,,False,
20240805,2024-08-05,5,218,Monday,1,32,8,August,Aug,2024-08,Q3,2024-Q3,2024,Summer,False,False,False,False,,False,
20240806,2024-08-06,6,219,Tuesday,2,32,8,August,Aug,2024-08,Q3,2024-Q3,2024,Summer,False,False,False,False,,False,
20240807,2024-08-07,7,220,Wednesday,3,32,8,August,Aug,2024-08,Q3,2024-Q3,2024,Summer,False,False,False,False,,False,
20240808,2024-08-08,8,221,Thursday,4,32,8,August,Aug,2024-08,Q3,2024-Q3,2024,Summer,False,False,False,False,,False,
20240809,2024-08-09,9,222,Friday,5,32,8,August,Aug,2024-08,Q3,2024-Q3,2024,Summer,False,False,False,False,,False,
20240810,2024-08-10,10,223,Saturday,6,32,8,August,Aug,2024-08,Q3,2024-Q3,2024,Summer,True,False,False,False,,False,
20240811,2024-08-11,11,224,Sunday,7,32,8,August,Aug,2024-08,Q3,2024-Q3,2024,Summer,True,False,False,False,,False,
20240812,2024-08-12,12,225,Monday,1,33,8,August,Aug,2024-08,Q3,2024-Q3,2024,Summer,False,False,False,False,,False,
20240813,2024-08-13,13,226,Tuesday,2,33,8,August,Aug,2024-08,Q3,2024-Q3,2024,Summer,False,False,False,False,,False,
20240814,2024-08-14,14,227,Wednesday,3,33,8,August,Aug,2024-08,Q3,2024-Q3,2024,Summer,False,False,False,False,,False,
20240815,2024-08-15,15,228,Thursday,4,33,8,August,Aug,2024-08,Q3,2024-Q3,2024,Summer,False,False,False,False,,False,
20240816,2024-08-16,16,229,Friday,5,33,8,August,Aug,2024-08,Q3,2024-Q3,2024,Summer,False,False,False,False,,False,
20240817,2024-08-17,17,230,Saturday,6,33,8,August,Aug,2024-08,Q3,2024-Q3,2024,Summer,True,False,False,False,,False,
20240818,2024-08-18,18,231,Sunday,7,33,8,August,Aug,2024-08,Q3,2024-Q3,2024,Summer,True,False,False,False,,False,
20240819,2024-08-19,19,232,Monday,1,34,8,August,Aug,2024-08,Q3,2024-Q3,2024,Summer,False,False,False,False,,False,
20240820,2024-08-20,20,233,Tuesday,2,34,8,August,Aug,2024-08,Q3,2024-Q3,2024,Summer,False,False,False,False,,False,
20240821,2024-08-21,21,234,Wednesday,3,34,8,August,Aug,2024-08,Q3,2024-Q3,2024,Summer,False,False,False,False,,False,
20240822,2024-08-22,22,235,Thursday,4,34,8,August,Aug,2024-08,Q3,2024-Q3,2024,Summer,False,False,False,False,,False,
20240823,2024-08-23,23,236,Friday,5,34,8,August,Aug,2024-08,Q3,2024-Q3,2024,Summer,False,False,False,False,,False,
20240824,2024-08-24,24,237,Saturday,6,34,8,August,Aug,2024-08,Q3,2024-Q3,2024,Summer,True,False,False,False,,False,
20240825,2024-08-25,25,238,Sunday,7,34,8,August,Aug,2024-08,Q3,2024-Q3,2024,Summer,True,False,False,False,,False,
20240826,2024-08-26,26,239,Monday,1,35,8,August,Aug,2024-08,Q3,2024-Q3,2024,Summer,False,False,False,True,Late Summer Bank Holiday,False,
20240827,2024-08-27,27,240,Tuesday,2,35,8,August,Aug,2024-08,Q3,2024-Q3,2024,Summer,False,False,False,False,,False,
20240828,2024-08-28,28,241,Wednesday,3,35,8,August,Aug,2024-08,Q3,2024-Q3,2024,Summer,False,False,False,False,,False,
20240829,2024-08-29,29,242,Thursday,4,35,8,August,Aug,2024-08,Q3,2024-Q3,2024,Summer,False,False,False,False,,False,
20240830,2024-08-30,30,243,Friday,5,35,8,August,Aug,2024-08,Q3,2024-Q3,2024,Summer,False,False,False,False,,False,
20240831,2024-08-31,31,244,Saturday,6,35,8,August,Aug,2024-08,Q3,2024-Q3,2024,Summer,True,True,False,False,,False,
20240901,2024-09-01,1,245,Sunday,7,35,9,September,Sep,2024-09,Q3,2024-Q3,2024,Autumn,True,False,False,False,,False,
20240902,2024-09-02,2,246,Monday,1,36,9,September,Sep,2024-09,Q3,2024-Q3,2024,Autumn,False,False,False,False,,False,
20240903,2024-09-03,3,247,Tuesday,2,36,9,September,Sep,2024-09,Q3,2024-Q3,2024,Autumn,False,False,False,False,,False,
20240904,2024-09-04,4,248,Wednesday,3,36,9,September,Sep,2024-09,Q3,2024-Q3,2024,Autumn,False,False,False,False,,False,
20240905,2024-09-05,5,249,Thursday,4,36,9,September,Sep,2024-09,Q3,2024-Q3,2024,Autumn,False,False,False,False,,False,
20240906,2024-09-06,6,250,Friday,5,36,9,September,Sep,2024-09,Q3,2024-Q3,2024,Autumn,False,False,False,False,,False,
20240907,2024-09-07,7,251,Saturday,6,36,9,September,Sep,2024-09,Q3,2024-Q3,2024,Autumn,True,False,False,False,,False,
20240908,2024-09-08,8,252,Sunday,7,36,9,September,Sep,2024-09,Q3,2024-Q3,2024,Autumn,True,False,False,False,,False,
20240909,2024-09-09,9,253,Monday,1,37,9,September,Sep,2024-09,Q3,2024-Q3,2024,Autumn,False,False,False,False,,False,
20240910,2024-09-10,10,254,Tuesday,2,37,9,September,Sep,2024-09,Q3,2024-Q3,2024,Autumn,False,False,False,False,,False,
20240911,2024-09-11,11,255,Wednesday,3,37,9,September,Sep,2024-09,Q3,2024-Q3,2024,Autumn,False,False,False,False,,False,
20240912,2024-09-12,12,256,Thursday,4,37,9,September,Sep,2024-09,Q3,2024-Q3,2024,Autumn,False,False,False,False,,False,
20240913,2024-09-13,13,257,Friday,5,37,9,September,Sep,2024-09,Q3,2024-Q3,2024,Autumn,False,False,False,False,,False,
20240914,2024-09-14,14,258,Saturday,6,37,9,September,Sep,2024-09,Q3,2024-Q3,2024,Autumn,True,False,False,False,,False,
20240915,2024-09-15,15,259,Sunday,7,37,9,September,Sep,2024-09,Q3,2024-Q3,2024,Autumn,True,False,False,False,,False,
20240916,2024-09-16,16,260,Monday,1,38,9,September,Sep,2024-09,Q3,2024-Q3,2024,Autumn,False,False,False,False,,False,
20240917,2024-09-17,17,261,Tuesday,2,38,9,September,Sep,2024-09,Q3,2024-Q3,2024,Autumn,False,False,False,False,,False,
20240918,2024-09-18,18,262,Wednesday,3,38,9,September,Sep,2024-09,Q3,2024-Q3,2024,Autumn,False,False,False,False,,False,
20240919,2024-09-19,19,263,Thursday,4,38,9,September,Sep,2024-09,Q3,2024-Q3,2024,Autumn,False,False,False,False,,False,
20240920,2024-09-20,20,264,Friday,5,38,9,September,Sep,2024-09,Q3,2024-Q3,2024,Autumn,False,False,False,False,,False,
20240921,2024-09-21,21,265,Saturday,6,38,9,September,Sep,2024-09,Q3,2024-Q3,2024,Autumn,True,False,False,False,,False,
20240922,2024-09-22,22,266,Sunday,7,38,9,September,Sep,2024-09,Q3,2024-Q3,2024,Autumn,True,False,False,False,,False,
20240923,2024-09-23,23,267,Monday,1,39,9,September,Sep,2024-09,Q3,2024-Q3,2024,Autumn,False,False,False,False,,False,
20240924,2024-09-24,24,268,Tuesday,2,39,9,September,Sep,2024-09,Q3,2024-Q3,2024,Autumn,False,False,False,False,,False,
20240925,2024-09-25,25,269,Wednesday,3,39,9,September,Sep,2024-09,Q3,2024-Q3,2024,Autumn,False,False,False,False,,False,
20240926,2024-09-26,26,270,Thursday,4,39,9,September,Sep,2024-09,Q3,2024-Q3,2024,Autumn,False,False,False,False,,False,
20240927,2024-09-27,27,271,Friday,5,39,9,September,Sep,2024-09,Q3,2024-Q3,2024,Autumn,False,False,False,False,,False,
20240928,2024-09-28,28,272,Saturday,6,39,9,September,Sep,2024-09,Q3,2024-Q3,2024,Autumn,True,False,False,False,,False,
20240929,2024-09-29,29,273,Sunday,7,39,9,September,Sep,2024-09,Q3,2024-Q3,2024,Autumn,True,False,False,False,,False,
20240930,2024-09-30,30,274,Monday,1,40,9,September,Sep,2024-09,Q3,2024-Q3,2024,Autumn,False,True,False,False,,False,
20241001,2024-10-01,1,275,Tuesday,2,40,10,October,Oct,2024-10,Q4,2024-Q4,2024,Autumn,False,False,False,False,,False,
20241002,2024-10-02,2,276,Wednesday,3,40,10,October,Oct,2024-10,Q4,2024-Q4,2024,Autumn,False,False,False,False,,False,
20241003,2024-10-03,3,277,Thursday,4,40,10,October,Oct,2024-10,Q4,2024-Q4,2024,Autumn,False,False,False,False,,False,
20241004,2024-10-04,4,278,Friday,5,40,10,October,Oct,2024-10,Q4,2024-Q4,2024,Autumn,False,False,False,False,,False,
20241005,2024-10-05,5,279,Saturday,6,40,10,October,Oct,2024-10,Q4,2024-Q4,2024,Autumn,True,False,False,False,,False,
20241006,2024-10-06,6,280,Sunday,7,40,10,October,Oct,2024-10,Q4,2024-Q4,2024,Autumn,True,False,False,False,,False,
20241007,2024-10-07,7,281,Monday,1,41,10,October,Oct,2024-10,Q4,2024-Q4,2024,Autumn,False,False,False,False,,False,
20241008,2024-10-08,8,282,Tuesday,2,41,10,October,Oct,2024-10,Q4,2024-Q4,2024,Autumn,False,False,False,False,,False,
20241009,2024-10-09,9,283,Wednesday,3,41,10,October,Oct,2024-10,Q4,2024-Q4,2024,Autumn,False,False,False,False,,False,
20241010,2024-10-10,10,284,Thursday,4,41,10,October,Oct,2024-10,Q4,2024-Q4,2024,Autumn,False,False,False,False,,False,
20241011,2024-10-11,11,285,Friday,5,41,10,October,Oct,2024-10,Q4,2024-Q4,2024,Autumn,False,False,False,False,,False,
20241012,2024-10-12,12,286,Saturday,6,41,10,October,Oct,2024-10,Q4,2024-Q4,2024,Autumn,True,False,False,False,,False,
20241013,2024-10-13,13,287,Sunday,7,41,10,October,Oct,2024-10,Q4,2024-Q4,2024,Autumn,True,False,False,False,,False,
20241014,2024-10-14,14,288,Monday,1,42,10,October,Oct,2024-10,Q4,2024-Q4,2024,Autumn,False,False,False,False,,False,
20241015,2024-10-15,15,289,Tuesday,2,42,10,October,Oct,2024-10,Q4,2024-Q4,2024,Autumn,False,False,False,False,,False,
20241016,2024-10-16,16,290,Wednesday,3,42,10,October,Oct,2024-10,Q4,2024-Q4,2024,Autumn,False,False,False,False,,False,
20241017,2024-10-17,17,291,Thursday,4,42,10,October,Oct,2024-10,Q4,2024-Q4,2024,Autumn,False,False,False,False,,False,
20241018,2024-10-18,18,292,Friday,5,42,10,October,Oct,2024-10,Q4,2024-Q4,2024,Autumn,False,False,False,False,,False,
20241019,2024-10-19,19,293,Saturday,6,42,10,October,Oct,2024-10,Q4,2024-Q4,2024,Autumn,True,False,False,False,,False,
20241020,2024-10-20,20,294,Sunday,7,42,10,October,Oct,2024-10,Q4,2024-Q4,2024,Autumn,True,False,False,False,,False,
20241021,2024-10-21,21,295,Monday,1,43,10,October,Oct,2024-10,Q4,2024-Q4,2024,Autumn,False,False,False,False,,False,
20241022,2024-10-22,22,296,Tuesday,2,43,10,October,Oct,2024-10,Q4,2024-Q4,2024,Autumn,False,False,False,False,,False,
20241023,2024-10-23,23,297,Wednesday,3,43,10,October,Oct,2024-10,Q4,2024-Q4,2024,Autumn,False,False,False,False,,False,
20241024,2024-10-24,24,298,Thursday,4,43,10,October,Oct,2024-10,Q4,2024-Q4,2024,Autumn,False,False,False,False,,False,
20241025,2024-10-25,25,299,Friday,5,43,10,October,Oct,2024-10,Q4,2024-Q4,2024,Autumn,False,False,False,False,,False,
20241026,2024-10-26,26,300,Saturday,6,43,10,October,Oct,2024-10,Q4,2024-Q4,2024,Autumn,True,False,False,False,,False,
20241027,2024-10-27,27,301,Sunday,7,43,10,October,Oct,2024-10,Q4,2024-Q4,2024,Autumn,True,False,False,False,,False,
20241028,2024-10-28,28,302,Monday,1,44,10,October,Oct,2024-10,Q4,2024-Q4,2024,Autumn,False,False,False,False,,False,
20241029,2024-10-29,29,303,Tuesday,2,44,10,October,Oct,2024-10,Q4,2024-Q4,2024,Autumn,False,False,False,False,,False,
20241030,2024-10-30,30,304,Wednesday,3,44,10,October,Oct,2024-10,Q4,2024-Q4,2024,Autumn,False,False,False,False,,False,
20241031,2024-10-31,31,305,Thursday,4,44,10,October,Oct,2024-10,Q4,2024-Q4,2024,Autumn,False,True,False,False,,True,Halloween
20241101,2024-11-01,1,306,Friday,5,44,11,November,Nov,2024-11,Q4,2024-Q4,2024,Autumn,False,False,False,False,,False,
20241102,2024-11-02,2,307,Saturday,6,44,11,November,Nov,2024-11,Q4,2024-Q4,2024,Autumn,True,False,False,False,,False,
20241103,2024-11-03,3,308,Sunday,7,44,11,November,Nov,2024-11,Q4,2024-Q4,2024,Autumn,True,False,False,False,,False,
20241104,2024-11-04,4,309,Monday,1,45,11,November,Nov,2024-11,Q4,2024-Q4,2024,Autumn,False,False,False,False,,False,
20241105,2024-11-05,5,310,Tuesday,2,45,11,November,Nov,2024-11,Q4,2024-Q4,2024,Autumn,False,False,False,False,,False,
20241106,2024-11-06,6,311,Wednesday,3,45,11,November,Nov,2024-11,Q4,2024-Q4,2024,Autumn,False,False,False,False,,False,
20241107,2024-11-07,7,312,Thursday,4,45,11,November,Nov,2024-11,Q4,2024-Q4,2024,Autumn,False,False,False,False,,False,
20241108,2024-11-08,8,313,Friday,5,45,11,November,Nov,2024-11,Q4,2024-Q4,2024,Autumn,False,False,False,False,,False,
20241109,2024-11-09,9,314,Saturday,6,45,11,November,Nov,2024-11,Q4,2024-Q4,2024,Autumn,True,False,False,False,,False,
20241110,2024-11-10,10,315,Sunday,7,45,11,November,Nov,2024-11,Q4,2024-Q4,2024,Autumn,True,False,False,False,,False,
20241111,2024-11-11,11,316,Monday,1,46,11,November,Nov,2024-11,Q4,2024-Q4,2024,Autumn,False,False,False,False,,False,
20241112,2024-11-12,12,317,Tuesday,2,46,11,November,Nov,2024-11,Q4,2024-Q4,2024,Autumn,False,False,False,False,,False,
20241113,2024-11-13,13,318,Wednesday,3,46,11,November,Nov,2024-11,Q4,2024-Q4,2024,Autumn,False,False,False,False,,False,
20241114,2024-11-14,14,319,Thursday,4,46,11,November,Nov,2024-11,Q4,2024-Q4,2024,Autumn,False,False,False,False,,False,
20241115,2024-11-15,15,320,Friday,5,46,11,November,Nov,2024-11,Q4,2024-Q4,2024,Autumn,False,False,False,False,,False,
20241116,2024-11-16,16,321,Saturday,6,46,11,November,Nov,2024-11,Q4,2024-Q4,2024,Autumn,True,False,False,False,,False,
20241117,2024-11-17,17,322,Sunday,7,46,11,November,Nov,2024-11,Q4,2024-Q4,2024,Autumn,True,False,False,False,,False,
20241118,2024-11-18,18,323,Monday,1,47,11,November,Nov,2024-11,Q4,2024-Q4,2024,Autumn,False,False,False,False,,False,
20241119,2024-11-19,19,324,Tuesday,2,47,11,November,Nov,2024-11,Q4,2024-Q4,2024,Autumn,False,False,False,False,,False,
20241120,2024-11-20,20,325,Wednesday,3,47,11,November,Nov,2024-11,Q4,2024-Q4,2024,Autumn,False,False,False,False,,False,
20241121,2024-11-21,21,326,Thursday,4,47,11,November,Nov,2024-11,Q4,2024-Q4,2024,Autumn,False,False,False,False,,False,
20241122,2024-11-22,22,327,Friday,5,47,11,November,Nov,2024-11,Q4,2024-Q4,2024,Autumn,False,False,False,False,,False,
20241123,2024-11-23,23,328,Saturday,6,47,11,November,Nov,2024-11,Q4,2024-Q4,2024,Autumn,True,False,False,False,,False,
20241124,2024-11-24,24,329,Sunday,7,47,11,November,Nov,2024-11,Q4,2024-Q4,2024,Autumn,True,False,False,False,,False,
20241125,2024-11-25,25,330,Monday,1,48,11,November,Nov,2024-11,Q4,2024-Q4,2024,Autumn,False,False,False,False,,False,
20241126,2024-11-26,26,331,Tuesday,2,48,11,November,Nov,2024-11,Q4,2024-Q4,2024,Autumn,False,False,False,False,,False,
20241127,2024-11-27,27,332,Wednesday,3,48,11,November,Nov,2024-11,Q4,2024-Q4,2024,Autumn,False,False,False,False,,False,
20241128,2024-11-28,28,333,Thursday,4,48,11,November,Nov,2024-11,Q4,2024-Q4,2024,Autumn,False,False,False,False,,False,
20241129,2024-11-29,29,334,Friday,5,48,11,November,Nov,2024-11,Q4,2024-Q4,2024,Autumn,False,False,False,False,,True,Black Friday
20241130,2024-11-30,30,335,Saturday,6,48,11,November,Nov,2024-11,Q4,2024-Q4,2024,Autumn,True,True,False,False,,False,
20241201,2024-12-01,1,336,Sunday,7,48,12,December,Dec,2024-12,Q4,2024-Q4,2024,Winter,True,False,False,False,,False,
20241202,2024-12-02,2,337,Monday,1,49,12,December,Dec,2024-12,Q4,2024-Q4,2024,Winter,False,False,False,False,,True,Cyber Monday
20241203,2024-12-03,3,338,Tuesday,2,49,12,December,Dec,2024-12,Q4,2024-Q4,2024,Winter,False,False,False,False,,False,
20241204,2024-12-04,4,339,Wednesday,3,49,12,December,Dec,2024-12,Q4,2024-Q4,2024,Winter,False,False,False,False,,False,
20241205,2024-12-05,5,340,Thursday,4,49,12,December,Dec,2024-12,Q4,2024-Q4,2024,Winter,False,False,False,False,,False,
20241206,2024-12-06,6,341,Friday,5,49,12,December,Dec,2024-12,Q4,2024-Q4,2024,Winter,False,False,False,False,,False,
20241207,2024-12-07,7,342,Saturday,6,49,12,December,Dec,2024-12,Q4,2024-Q4,2024,Winter,True,False,False,False,,False,
20241208,2024-12-08,8,343,Sunday,7,49,12,December,Dec,2024-12,Q4,2024-Q4,2024,Winter,True,False,False,False,,False,
20241209,2024-12-09,9,344,Monday,1,50,12,December,Dec,2024-12,Q4,2024-Q4,2024,Winter,False,False,False,False,,False,
20241210,2024-12-10,10,345,Tuesday,2,50,12,December,Dec,2024-12,Q4,2024-Q4,2024,Winter,False,False,False,False,,False,
20241211,2024-12-11,11,346,Wednesday,3,50,12,December,Dec,2024-12,Q4,2024-Q4,2024,Winter,False,False,False,False,,False,
20241212,2024-12-12,12,347,Thursday,4,50,12,December,Dec,2024-12,Q4,2024-Q4,2024,Winter,False,False,False,False,,False,
20241213,2024-12-13,13,348,Friday,5,50,12,December,Dec,2024-12,Q4,2024-Q4,2024,Winter,False,False,False,False,,False,
20241214,2024-12-14,14,349,Saturday,6,50,12,December,Dec,2024-12,Q4,2024-Q4,2024,Winter,True,False,False,False,,False,
20241215,2024-12-15,15,350,Sunday,7,50,12,December,Dec,2024-12,Q4,2024-Q4,2024,Winter,True,False,False,False,,False,
20241216,2024-12-16,16,351,Monday,1,51,12,December,Dec,2024-12,Q4,2024-Q4,2024,Winter,False,False,False,False,,False,
20241217,2024-12-17,17,352,Tuesday,2,51,12,December,Dec,2024-12,Q4,2024-Q4,2024,Winter,False,False,False,False,,False,
20241218,2024-12-18,18,353,Wednesday,3,51,12,December,Dec,2024-12,Q4,2024-Q4,2024,Winter,False,False,False,False,,False,
20241219,2024-12-19,19,354,Thursday,4,51,12,December,Dec,2024-12,Q4,2024-Q4,2024,Winter,False,False,False,False,,False,
20241220,2024-12-20,20,355,Friday,5,51,12,December,Dec,2024-12,Q4,2024-Q4,2024,Winter,False,False,False,False,,False,
20241221,2024-12-21,21,356,Saturday,6,51,12,December,Dec,2024-12,Q4,2024-Q4,2024,Winter,True,False,False,False,,False,
20241222,2024-12-22,22,357,Sunday,7,51,12,December,Dec,2024-12,Q4,2024-Q4,2024,Winter,True,False,False,False,,False,
20241223,2024-12-23,23,358,Monday,1,52,12,December,Dec,2024-12,Q4,2024-Q4,2024,Winter,False,False,False,False,,False,
20241224,2024-12-24,24,359,Tuesday,2,52,12,December,Dec,2024-12,Q4,2024-Q4,2024,Winter,False,False,False,False,,False,
20241225,2024-12-25,25,360,Wednesday,3,52,12,December,Dec,2024-12,Q4,2024-Q4,2024,Winter,False,False,False,True,Christmas Day,False,
20241226,2024-12-26,26,361,Thursday,4,52,12,December,Dec,2024-12,Q4,2024-Q4,2024,Winter,False,False,False,True,Boxing Day,False,
20241227,2024-12-27,27,362,Friday,5,52,12,December,Dec,2024-12,Q4,2024-Q4,2024,Winter,False,False,False,False,,False,
20241228,2024-12-28,28,363,Saturday,6,52,12,December,Dec,2024-12,Q4,2024-Q4,2024,Winter,True,False,False,False,,False,
20241229,2024-12-29,29,364,Sunday,7,52,12,December,Dec,2024-12,Q4,2024-Q4,2024,Winter,True,False,False,False,,False,
20241230,2024-12-30,30,365,Monday,1,1,12,December,Dec,2024-12,Q4,2024-Q4,2024,Winter,False,False,False,False,,False,
20241231,2024-12-31,31,366,Tuesday,2,1,12,December,Dec,2024-12,Q4,2024-Q4,2024,Winter,False,True,True,False,,False,
20250101,2025-01-01,1,1,Wednesday,3,1,1,January,Jan,2025-01,Q1,2025-Q1,2025,Winter,False,False,False,True,New Year's Day,False,
20250102,2025-01-02,2,2,Thursday,4,1,1,January,Jan,2025-01,Q1,2025-Q1,2025,Winter,False,False,False,False,,False,
20250103,2025-01-03,3,3,Friday,5,1,1,January,Jan,2025-01,Q1,2025-Q1,2025,Winter,False,False,False,False,,False,
20250104,2025-01-04,4,4,Saturday,6,1,1,January,Jan,2025-01,Q1,2025-Q1,2025,Winter,True,False,False,False,,False,
20250105,2025-01-05,5,5,Sunday,7,1,1,January,Jan,2025-01,Q1,2025-Q1,2025,Winter,True,False,False,False,,False,
20250106,2025-01-06,6,6,Monday,1,2,1,January,Jan,2025-01,Q1,2025-Q1,2025,Winter,False,False,False,False,,False,
20250107,2025-01-07,7,7,Tuesday,2,2,1,January,Jan,2025-01,Q1,2025-Q1,2025,Winter,False,False,False,False,,False,
20250108,2025-01-08,8,8,Wednesday,3,2,1,January,Jan,2025-01,Q1,2025-Q1,2025,Winter,False,False,False,False,,False,
20250109,2025-01-09,9,9,Thursday,4,2,1,January,Jan,2025-01,Q1,2025-Q1,2025,Winter,False,False,False,False,,False,
20250110,2025-01-10,10,10,Friday,5,2,1,January,Jan,2025-01,Q1,2025-Q1,2025,Winter,False,False,False,False,,False,
20250111,2025-01-11,11,11,Saturday,6,2,1,January,Jan,2025-01,Q1,2025-Q1,2025,Winter,True,False,False,False,,False,
20250112,2025-01-12,12,12,Sunday,7,2,1,January,Jan,2025-01,Q1,2025-Q1,2025,Winter,True,False,False,False,,False,
20250113,2025-01-13,13,13,Monday,1,3,1,January,Jan,2025-01,Q1,2025-Q1,2025,Winter,False,False,False,False,,False,
20250114,2025-01-14,14,14,Tuesday,2,3,1,January,Jan,2025-01,Q1,2025-Q1,2025,Winter,False,False,False,False,,False,
20250115,2025-01-15,15,15,Wednesday,3,3,1,January,Jan,2025-01,Q1,2025-Q1,2025,Winter,False,False,False,False,,False,
20250116,2025-01-16,16,16,Thursday,4,3,1,January,Jan,2025-01,Q1,2025-Q1,2025,Winter,False,False,False,False,,False,
20250117,2025-01-17,17,17,Friday,5,3,1,January,Jan,2025-01,Q1,2025-Q1,2025,Winter,False,False,False,False,,False,
20250118,2025-01-18,18,18,Saturday,6,3,1,January,Jan,2025-01,Q1,2025-Q1,2025,Winter,True,False,False,False,,False,
20250119,2025-01-19,19,19,Sunday,7,3,1,January,Jan,2025-01,Q1,2025-Q1,2025,Winter,True,False,False,False,,False,
20250120,2025-01-20,20,20,Monday,1,4,1,January,Jan,2025-01,Q1,2025-Q1,2025,Winter,False,False,False,False,,False,
20250121,2025-01-21,21,21,Tuesday,2,4,1,January,Jan,2025-01,Q1,2025-Q1,2025,Winter,False,False,False,False,,False,
20250122,2025-01-22,22,22,Wednesday,3,4,1,January,Jan,2025-01,Q1,2025-Q1,2025,Winter,False,False,False,False,,False,
20250123,2025-01-23,23,23,Thursday,4,4,1,January,Jan,2025-01,Q1,2025-Q1,2025,Winter,False,False,False,False,,False,
20250124,2025-01-24,24,24,Friday,5,4,1,January,Jan,2025-01,Q1,2025-Q1,2025,Winter,False,False,False,False,,False,
20250125,2025-01-25,25,25,Saturday,6,4,1,January,Jan,2025-01,Q1,2025-Q1,2025,Winter,True,False,False,False,,False,
20250126,2025-01-26,26,26,Sunday,7,4,1,January,Jan,2025-01,Q1,2025-Q1,2025,Winter,True,False,False,False,,False,
20250127,2025-01-27,27,27,Monday,1,5,1,January,Jan,2025-01,Q1,2025-Q1,2025,Winter,False,False,False,False,,False,
20250128,2025-01-28,28,28,Tuesday,2,5,1,January,Jan,2025-01,Q1,2025-Q1,2025,Winter,False,False,False,False,,False,
20250129,2025-01-29,29,29,Wednesday,3,5,1,January,Jan,2025-01,Q1,2025-Q1,2025,Winter,False,False,False,False,,False,
20250130,2025-01-30,30,30,Thursday,4,5,1,January,Jan,2025-01,Q1,2025-Q1,2025,Winter,False,False,False,False,,False,
20250131,2025-01-31,31,31,Friday,5,5,1,January,Jan,2025-01,Q1,2025-Q1,2025,Winter,False,True,False,False,,False,
20250201,2025-02-01,1,32,Saturday,6,5,2,February,Feb,2025-02,Q1,2025-Q1,2025,Winter,True,False,False,False,,False,
20250202,2025-02-02,2,33,Sunday,7,5,2,February,Feb,2025-02,Q1,2025-Q1,2025,Winter,True,False,False,False,,False,
20250203,2025-02-03,3,34,Monday,1,6,2,February,Feb,2025-02,Q1,2025-Q1,2025,Winter,False,False,False,False,,False,
20250204,2025-02-04,4,35,Tuesday,2,6,2,February,Feb,2025-02,Q1,2025-Q1,2025,Winter,False,False,False,False,,False,
20250205,2025-02-05,5,36,Wednesday,3,6,2,February,Feb,2025-02,Q1,2025-Q1,2025,Winter,False,False,False,False,,False,
20250206,2025-02-06,6,37,Thursday,4,6,2,February,Feb,2025-02,Q1,2025-Q1,2025,Winter,False,False,False,False,,False,
20250207,2025-02-07,7,38,Friday,5,6,2,February,Feb,2025-02,Q1,2025-Q1,2025,Winter,False,False,False,False,,False,
20250208,2025-02-08,8,39,Saturday,6,6,2,February,Feb,2025-02,Q1,2025-Q1,2025,Winter,True,False,False,False,,False,
20250209,2025-02-09,9,40,Sunday,7,6,2,February,Feb,2025-02,Q1,2025-Q1,2025,Winter,True,False,False,False,,False,
20250210,2025-02-10,10,41,Monday,1,7,2,February,Feb,2025-02,Q1,2025-Q1,2025,Winter,False,False,False,False,,False,
20250211,2025-02-11,11,42,Tuesday,2,7,2,February,Feb,2025-02,Q1,2025-Q1,2025,Winter,False,False,False,False,,False,
20250212,2025-02-12,12,43,Wednesday,3,7,2,February,Feb,2025-02,Q1,2025-Q1,2025,Winter,False,False,False,False,,False,
20250213,2025-02-13,13,44,Thursday,4,7,2,February,Feb,2025-02,Q1,2025-Q1,2025,Winter,False,False,False,False,,False,
20250214,2025-02-14,14,45,Friday,5,7,2,February,Feb,2025-02,Q1,2025-Q1,2025,Winter,False,False,False,False,,True,Valentine's Day
20250215,2025-02-15,15,46,Saturday,6,7,2,February,Feb,2025-02,Q1,2025-Q1,2025,Winter,True,False,False,False,,False,
20250216,2025-02-16,16,47,Sunday,7,7,2,February,Feb,2025-02,Q1,2025-Q1,2025,Winter,True,False,False,False,,False,
20250217,2025-02-17,17,48,Monday,1,8,2,February,Feb,2025-02,Q1,2025-Q1,2025,Winter,False,False,False,False,,False,
20250218,2025-02-18,18,49,Tuesday,2,8,2,February,Feb,2025-02,Q1,2025-Q1,2025,Winter,False,False,False,False,,False,
20250219,2025-02-19,19,50,Wednesday,3,8,2,February,Feb,2025-02,Q1,2025-Q1,2025,Winter,False,False,False,False,,False,
20250220,2025-02-20,20,51,Thursday,4,8,2,February,Feb,2025-02,Q1,2025-Q1,2025,Winter,False,False,False,False,,False,
20250221,2025-02-21,21,52,Friday,5,8,2,February,Feb,2025-02,Q1,2025-Q1,2025,Winter,False,False,False,False,,False,
20250222,2025-02-22,22,53,Saturday,6,8,2,February,Feb,2025-02,Q1,2025-Q1,2025,Winter,True,False,False,False,,False,
20250223,2025-02-23,23,54,Sunday,7,8,2,February,Feb,2025-02,Q1,2025-Q1,2025,Winter,True,False,False,False,,False,
20250224,2025-02-24,24,55,Monday,1,9,2,February,Feb,2025-02,Q1,2025-Q1,2025,Winter,False,False,False,False,,False,
20250225,2025-02-25,25,56,Tuesday,2,9,2,February,Feb,2025-02,Q1,2025-Q1,2025,Winter,False,False,False,False,,False,
20250226,2025-02-26,26,57,Wednesday,3,9,2,February,Feb,2025-02,Q1,2025-Q1,2025,Winter,False,False,False,False,,False,
20250227,2025-02-27,27,58,Thursday,4,9,2,February,Feb,2025-02,Q1,2025-Q1,2025,Winter,False,False,False,False,,False,
20250228,2025-02-28,28,59,Friday,5,9,2,February,Feb,2025-02,Q1,2025-Q1,2025,Winter,False,True,False,False,,False,
20250301,2025-03-01,1,60,Saturday,6,9,3,March,Mar,2025-03,Q1,2025-Q1,2025,Spring,True,False,False,False,,False,
20250302,2025-03-02,2,61,Sunday,7,9,3,March,Mar,2025-03,Q1,2025-Q1,2025,Spring,True,False,False,False,,False,
20250303,2025-03-03,3,62,Monday,1,10,3,March,Mar,2025-03,Q1,2025-Q1,2025,Spring,False,False,False,False,,False,
20250304,2025-03-04,4,63,Tuesday,2,10,3,March,Mar,2025-03,Q1,2025-Q1,2025,Spring,False,False,False,False,,False,
20250305,2025-03-05,5,64,Wednesday,3,10,3,March,Mar,2025-03,Q1,2025-Q1,2025,Spring,False,False,False,False,,False,
20250306,2025-03-06,6,65,Thursday,4,10,3,March,Mar,2025-03,Q1,2025-Q1,2025,Spring,False,False,False,False,,False,
20250307,2025-03-07,7,66,Friday,5,10,3,March,Mar,2025-03,Q1,2025-Q1,2025,Spring,False,False,False,False,,False,
20250308,2025-03-08,8,67,Saturday,6,10,3,March,Mar,2025-03,Q1,2025-Q1,2025,Spring,True,False,False,False,,False,
20250309,2025-03-09,9,68,Sunday,7,10,3,March,Mar,2025-03,Q1,2025-Q1,2025,Spring,True,False,False,False,,False,
20250310,2025-03-10,10,69,Monday,1,11,3,March,Mar,2025-03,Q1,2025-Q1,2025,Spring,False,False,False,False,,False,
20250311,2025-03-11,11,70,Tuesday,2,11,3,March,Mar,2025-03,Q1,2025-Q1,2025,Spring,False,False,False,False,,False,
20250312,2025-03-12,12,71,Wednesday,3,11,3,March,Mar,2025-03,Q1,2025-Q1,2025,Spring,False,False,False,False,,False,
20250313,2025-03-13,13,72,Thursday,4,11,3,March,Mar,2025-03,Q1,2025-Q1,2025,Spring,False,False,False,False,,False,
20250314,2025-03-14,14,73,Friday,5,11,3,March,Mar,2025-03,Q1,2025-Q1,2025,Spring,False,False,False,False,,False,
20250315,2025-03-15,15,74,Saturday,6,11,3,March,Mar,2025-03,Q1,2025-Q1,2025,Spring,True,False,False,False,,False,
20250316,2025-03-16,16,75,Sunday,7,11,3,March,Mar,2025-03,Q1,2025-Q1,2025,Spring,True,False,False,False,,False,
20250317,2025-03-17,17,76,Monday,1,12,3,March,Mar,2025-03,Q1,2025-Q1,2025,Spring,False,False,False,False,,False,
20250318,2025-03-18,18,77,Tuesday,2,12,3,March,Mar,2025-03,Q1,2025-Q1,2025,Spring,False,False,False,False,,False,
20250319,2025-03-19,19,78,Wednesday,3,12,3,March,Mar,2025-03,Q1,2025-Q1,2025,Spring,False,False,False,False,,False,
20250320,2025-03-20,20,79,Thursday,4,12,3,March,Mar,2025-03,Q1,2025-Q1,2025,Spring,False,False,False,False,,False,
20250321,2025-03-21,21,80,Friday,5,12,3,March,Mar,2025-03,Q1,2025-Q1,2025,Spring,False,False,False,False,,False,
20250322,2025-03-22,22,81,Saturday,6,12,3,March,Mar,2025-03,Q1,2025-Q1,2025,Spring,True,False,False,False,,False,
20250323,2025-03-23,23,82,Sunday,7,12,3,March,Mar,2025-03,Q1,2025-Q1,2025,Spring,True,False,False,False,,False,
20250324,2025-03-24,24,83,Monday,1,13,3,March,Mar,2025-03,Q1,2025-Q1,2025,Spring,False,False,False,False,,False,
20250325,2025-03-25,25,84,Tuesday,2,13,3,March,Mar,2025-03,Q1,2025-Q1,2025,Spring,False,False,False,False,,False,
20250326,2025-03-26,26,85,Wednesday,3,13,3,March,Mar,2025-03,Q1,2025-Q1,2025,Spring,False,False,False,False,,False,
20250327,2025-03-27,27,86,Thursday,4,13,3,March,Mar,2025-03,Q1,2025-Q1,2025,Spring,False,False,False,False,,False,
20250328,2025-03-28,28,87,Friday,5,13,3,March,Mar,2025-03,Q1,2025-Q1,2025,Spring,False,False,False,False,,False,
20250329,2025-03-29,29,88,Saturday,6,13,3,March,Mar,2025-03,Q1,2025-Q1,2025,Spring,True,False,False,False,,False,
20250330,2025-03-30,30,89,Sunday,7,13,3,March,Mar,2025-03,Q1,2025-Q1,2025,Spring,True,False,False,False,,False,
20250331,2025-03-31,31,90,Monday,1,14,3,March,Mar,2025-03,Q1,2025-Q1,2025,Spring,False,True,False,False,,False,
20250401,2025-04-01,1,91,Tuesday,2,14,4,April,Apr,2025-04,Q2,2025-Q2,2025,Spring,False,False,False,False,,False,
20250402,2025-04-02,2,92,Wednesday,3,14,4,April,Apr,2025-04,Q2,2025-Q2,2025,Spring,False,False,False,False,,False,
20250403,2025-04-03,3,93,Thursday,4,14,4,April,Apr,2025-04,Q2,2025-Q2,2025,Spring,False,False,False,False,,False,
20250404,2025-04-04,4,94,Friday,5,14,4,April,Apr,2025-04,Q2,2025-Q2,2025,Spring,False,False,False,False,,False,
20250405,2025-04-05,5,95,Saturday,6,14,4,April,Apr,2025-04,Q2,2025-Q2,2025,Spring,True,False,False,False,,False,
20250406,2025-04-06,6,96,Sunday,7,14,4,April,Apr,2025-04,Q2,2025-Q2,2025,Spring,True,False,False,False,,False,
20250407,2025-04-07,7,97,Monday,1,15,4,April,Apr,2025-04,Q2,2025-Q2,2025,Spring,False,False,False,False,,False,
20250408,2025-04-08,8,98,Tuesday,2,15,4,April,Apr,2025-04,Q2,2025-Q2,2025,Spring,False,False,False,False,,False,
20250409,2025-04-09,9,99,Wednesday,3,15,4,April,Apr,2025-04,Q2,2025-Q2,2025,Spring,False,False,False,False,,False,
20250410,2025-04-10,10,100,Thursday,4,15,4,April,Apr,2025-04,Q2,2025-Q2,2025,Spring,False,False,False,False,,False,
20250411,2025-04-11,11,101,Friday,5,15,4,April,Apr,2025-04,Q2,2025-Q2,2025,Spring,False,False,False,False,,False,
20250412,2025-04-12,12,102,Saturday,6,15,4,April,Apr,2025-04,Q2,2025-Q2,2025,Spring,True,False,False,False,,False,
20250413,2025-04-13,13,103,Sunday,7,15,4,April,Apr,2025-04,Q2,2025-Q2,2025,Spring,True,False,False,False,,False,
20250414,2025-04-14,14,104,Monday,1,16,4,April,Apr,2025-04,Q2,2025-Q2,2025,Spring,False,False,False,False,,False,
20250415,2025-04-15,15,105,Tuesday,2,16,4,April,Apr,2025-04,Q2,2025-Q2,2025,Spring,False,False,False,False,,False,
20250416,2025-04-16,16,106,Wednesday,3,16,4,April,Apr,2025-04,Q2,2025-Q2,2025,Spring,False,False,False,False,,False,
20250417,2025-04-17,17,107,Thursday,4,16,4,April,Apr,2025-04,Q2,2025-Q2,2025,Spring,False,False,False,False,,False,
20250418,2025-04-18,18,108,Friday,5,16,4,April,Apr,2025-04,Q2,2025-Q2,2025,Spring,False,False,False,True,Good Friday,False,
20250419,2025-04-19,19,109,Saturday,6,16,4,April,Apr,2025-04,Q2,2025-Q2,2025,Spring,True,False,False,False,,False,
20250420,2025-04-20,20,110,Sunday,7,16,4,April,Apr,2025-04,Q2,2025-Q2,2025,Spring,True,False,False,False,,False,
20250421,2025-04-21,21,111,Monday,1,17,4,April,Apr,2025-04,Q2,2025-Q2,2025,Spring,False,False,False,True,Easter Monday,False,
20250422,2025-04-22,22,112,Tuesday,2,17,4,April,Apr,2025-04,Q2,2025-Q2,2025,Spring,False,False,False,False,,False,
20250423,2025-04-23,23,113,Wednesday,3,17,4,April,Apr,2025-04,Q2,2025-Q2,2025,Spring,False,False,False,False,,False,
20250424,2025-04-24,24,114,Thursday,4,17,4,April,Apr,2025-04,Q2,2025-Q2,2025,Spring,False,False,False,False,,False,
20250425,2025-04-25,25,115,Friday,5,17,4,April,Apr,2025-04,Q2,2025-Q2,2025,Spring,False,False,False,False,,False,
20250426,2025-04-26,26,116,Saturday,6,17,4,April,Apr,2025-04,Q2,2025-Q2,2025,Spring,True,False,False,False,,False,
20250427,2025-04-27,27,117,Sunday,7,17,4,April,Apr,2025-04,Q2,2025-Q2,2025,Spring,True,False,False,False,,False,
20250428,2025-04-28,28,118,Monday,1,18,4,April,Apr,2025-04,Q2,2025-Q2,2025,Spring,False,False,False,False,,False,
20250429,2025-04-29,29,119,Tuesday,2,18,4,April,Apr,2025-04,Q2,2025-Q2,2025,Spring,False,False,False,False,,False,
20250430,2025-04-30,30,120,Wednesday,3,18,4,April,Apr,2025-04,Q2,2025-Q2,2025,Spring,False,True,False,False,,False,
20250501,2025-05-01,1,121,Thursday,4,18,5,May,May,2025-05,Q2,2025-Q2,2025,Spring,False,False,False,False,,False,
20250502,2025-05-02,2,122,Friday,5,18,5,May,May,2025-05,Q2,2025-Q2,2025,Spring,False,False,False,False,,False,
20250503,2025-05-03,3,123,Saturday,6,18,5,May,May,2025-05,Q2,2025-Q2,2025,Spring,True,False,False,False,,False,
20250504,2025-05-04,4,124,Sunday,7,18,5,May,May,2025-05,Q2,2025-Q2,2025,Spring,True,False,False,False,,False,
20250505,2025-05-05,5,125,Monday,1,19,5,May,May,2025-05,Q2,2025-Q2,2025,Spring,False,False,False,True,May Day,False,
20250506,2025-05-06,6,126,Tuesday,2,19,5,May,May,2025-05,Q2,2025-Q2,2025,Spring,False,False,False,False,,False,
20250507,2025-05-07,7,127,Wednesday,3,19,5,May,May,2025-05,Q2,2025-Q2,2025,Spring,False,False,False,False,,False,
20250508,2025-05-08,8,128,Thursday,4,19,5,May,May,2025-05,Q2,2025-Q2,2025,Spring,False,False,False,False,,False,
20250509,2025-05-09,9,129,Friday,5,19,5,May,May,2025-05,Q2,2025-Q2,2025,Spring,False,False,False,False,,False,
20250510,2025-05-10,10,130,Saturday,6,19,5,May,May,2025-05,Q2,2025-Q2,2025,Spring,True,False,False,False,,False,
20250511,2025-05-11,11,131,Sunday,7,19,5,May,May,2025-05,Q2,2025-Q2,2025,Spring,True,False,False,False,,False,
20250512,2025-05-12,12,132,Monday,1,20,5,May,May,2025-05,Q2,2025-Q2,2025,Spring,False,False,False,False,,False,
20250513,2025-05-13,13,133,Tuesday,2,20,5,May,May,2025-05,Q2,2025-Q2,2025,Spring,False,False,False,False,,False,
20250514,2025-05-14,14,134,Wednesday,3,20,5,May,May,2025-05,Q2,2025-Q2,2025,Spring,False,False,False,False,,False,
20250515,2025-05-15,15,135,Thursday,4,20,5,May,May,2025-05,Q2,2025-Q2,2025,Spring,False,False,False,False,,False,
20250516,2025-05-16,16,136,Friday,5,20,5,May,May,2025-05,Q2,2025-Q2,2025,Spring,False,False,False,False,,False,
20250517,2025-05-17,17,137,Saturday,6,20,5,May,May,2025-05,Q2,2025-Q2,2025,Spring,True,False,False,False,,False,
20250518,2025-05-18,18,138,Sunday,7,20,5,May,May,2025-05,Q2,2025-Q2,2025,Spring,True,False,False,False,,False,
20250519,2025-05-19,19,139,Monday,1,21,5,May,May,2025-05,Q2,2025-Q2,2025,Spring,False,False,False,False,,False,
20250520,2025-05-20,20,140,Tuesday,2,21,5,May,May,2025-05,Q2,2025-Q2,2025,Spring,False,False,False,False,,False,
20250521,2025-05-21,21,141,Wednesday,3,21,5,May,May,2025-05,Q2,2025-Q2,2025,Spring,False,False,False,False,,False,
20250522,2025-05-22,22,142,Thursday,4,21,5,May,May,2025-05,Q2,2025-Q2,2025,Spring,False,False,False,False,,False,
20250523,2025-05-23,23,143,Friday,5,21,5,May,May,2025-05,Q2,2025-Q2,2025,Spring,False,False,False,False,,False,
20250524,2025-05-24,24,144,Saturday,6,21,5,May,May,2025-05,Q2,2025-Q2,2025,Spring,True,False,False,False,,False,
20250525,2025-05-25,25,145,Sunday,7,21,5,May,May,2025-05,Q2,2025-Q2,2025,Spring,True,False,False,False,,False,
20250526,2025-05-26,26,146,Monday,1,22,5,May,May,2025-05,Q2,2025-Q2,2025,Spring,False,False,False,True,Spring Bank Holiday,False,
20250527,2025-05-27,27,147,Tuesday,2,22,5,May,May,2025-05,Q2,2025-Q2,2025,Spring,False,False,False,False,,False,
20250528,2025-05-28,28,148,Wednesday,3,22,5,May,May,2025-05,Q2,2025-Q2,2025,Spring,False,False,False,False,,False,
20250529,2025-05-29,29,149,Thursday,4,22,5,May,May,2025-05,Q2,2025-Q2,2025,Spring,False,False,False,False,,False,
20250530,2025-05-30,30,150,Friday,5,22,5,May,May,2025-05,Q2,2025-Q2,2025,Spring,False,False,False,False,,False,
20250531,2025-05-31,31,151,Saturday,6,22,5,May,May,2025-05,Q2,2025-Q2,2025,Spring,True,True,False,False,,False,
20250601,2025-06-01,1,152,Sunday,7,22,6,June,Jun,2025-06,Q2,2025-Q2,2025,Summer,True,False,False,False,,False,
20250602,2025-06-02,2,153,Monday,1,23,6,June,Jun,2025-06,Q2,2025-Q2,2025,Summer,False,False,False,False,,False,
20250603,2025-06-03,3,154,Tuesday,2,23,6,June,Jun,2025-06,Q2,2025-Q2,2025,Summer,False,False,False,False,,False,
20250604,2025-06-04,4,155,Wednesday,3,23,6,June,Jun,2025-06,Q2,2025-Q2,2025,Summer,False,False,False,False,,False,
20250605,2025-06-05,5,156,Thursday,4,23,6,June,Jun,2025-06,Q2,2025-Q2,2025,Summer,False,False,False,False,,False,
20250606,2025-06-06,6,157,Friday,5,23,6,June,Jun,2025-06,Q2,2025-Q2,2025,Summer,False,False,False,False,,False,
20250607,2025-06-07,7,158,Saturday,6,23,6,June,Jun,2025-06,Q2,2025-Q2,2025,Summer,True,False,False,False,,False,
20250608,2025-06-08,8,159,Sunday,7,23,6,June,Jun,2025-06,Q2,2025-Q2,2025,Summer,True,False,False,False,,False,
20250609,2025-06-09,9,160,Monday,1,24,6,June,Jun,2025-06,Q2,2025-Q2,2025,Summer,False,False,False,False,,False,
20250610,2025-06-10,10,161,Tuesday,2,24,6,June,Jun,2025-06,Q2,2025-Q2,2025,Summer,False,False,False,False,,False,
20250611,2025-06-11,11,162,Wednesday,3,24,6,June,Jun,2025-06,Q2,2025-Q2,2025,Summer,False,False,False,False,,False,
20250612,2025-06-12,12,163,Thursday,4,24,6,June,Jun,2025-06,Q2,2025-Q2,2025,Summer,False,False,False,False,,False,
20250613,2025-06-13,13,164,Friday,5,24,6,June,Jun,2025-06,Q2,2025-Q2,2025,Summer,False,False,False,False,,False,
20250614,2025-06-14,14,165,Saturday,6,24,6,June,Jun,2025-06,Q2,2025-Q2,2025,Summer,True,False,False,False,,False,
20250615,2025-06-15,15,166,Sunday,7,24,6,June,Jun,2025-06,Q2,2025-Q2,2025,Summer,True,False,False,False,,False,
20250616,2025-06-16,16,167,Monday,1,25,6,June,Jun,2025-06,Q2,2025-Q2,2025,Summer,False,False,False,False,,False,
20250617,2025-06-17,17,168,Tuesday,2,25,6,June,Jun,2025-06,Q2,2025-Q2,2025,Summer,False,False,False,False,,False,
20250618,2025-06-18,18,169,Wednesday,3,25,6,June,Jun,2025-06,Q2,2025-Q2,2025,Summer,False,False,False,False,,False,
20250619,2025-06-19,19,170,Thursday,4,25,6,June,Jun,2025-06,Q2,2025-Q2,2025,Summer,False,False,False,False,,False,
20250620,2025-06-20,20,171,Friday,5,25,6,June,Jun,2025-06,Q2,2025-Q2,2025,Summer,False,False,False,False,,False,
20250621,2025-06-21,21,172,Saturday,6,25,6,June,Jun,2025-06,Q2,2025-Q2,2025,Summer,True,False,False,False,,False,
20250622,2025-06-22,22,173,Sunday,7,25,6,June,Jun,2025-06,Q2,2025-Q2,2025,Summer,True,False,False,False,,False,
20250623,2025-06-23,23,174,Monday,1,26,6,June,Jun,2025-06,Q2,2025-Q2,2025,Summer,False,False,False,False,,False,
20250624,2025-06-24,24,175,Tuesday,2,26,6,June,Jun,2025-06,Q2,2025-Q2,2025,Summer,False,False,False,False,,False,
20250625,2025-06-25,25,176,Wednesday,3,26,6,June,Jun,2025-06,Q2,2025-Q2,2025,Summer,False,False,False,False,,False,
20250626,2025-06-26,26,177,Thursday,4,26,6,June,Jun,2025-06,Q2,2025-Q2,2025,Summer,False,False,False,False,,False,
20250627,2025-06-27,27,178,Friday,5,26,6,June,Jun,2025-06,Q2,2025-Q2,2025,Summer,False,False,False,False,,False,
20250628,2025-06-28,28,179,Saturday,6,26,6,June,Jun,2025-06,Q2,2025-Q2,2025,Summer,True,False,False,False,,False,
20250629,2025-06-29,29,180,Sunday,7,26,6,June,Jun,2025-06,Q2,2025-Q2,2025,Summer,True,False,False,False,,False,
20250630,2025-06-30,30,181,Monday,1,27,6,June,Jun,2025-06,Q2,2025-Q2,2025,Summer,False,True,False,False,,False,
20250701,2025-07-01,1,182,Tuesday,2,27,7,July,Jul,2025-07,Q3,2025-Q3,2025,Summer,False,False,False,False,,False,
20250702,2025-07-02,2,183,Wednesday,3,27,7,July,Jul,2025-07,Q3,2025-Q3,2025,Summer,False,False,False,False,,False,
20250703,2025-07-03,3,184,Thursday,4,27,7,July,Jul,2025-07,Q3,2025-Q3,2025,Summer,False,False,False,False,,False,
20250704,2025-07-04,4,185,Friday,5,27,7,July,Jul,2025-07,Q3,2025-Q3,2025,Summer,False,False,False,False,,False,
20250705,2025-07-05,5,186,Saturday,6,27,7,July,Jul,2025-07,Q3,2025-Q3,2025,Summer,True,False,False,False,,False,
20250706,2025-07-06,6,187,Sunday,7,27,7,July,Jul,2025-07,Q3,2025-Q3,2025,Summer,True,False,False,False,,False,
20250707,2025-07-07,7,188,Monday,1,28,7,July,Jul,2025-07,Q3,2025-Q3,2025,Summer,False,False,False,False,,False,
20250708,2025-07-08,8,189,Tuesday,2,28,7,July,Jul,2025-07,Q3,2025-Q3,2025,Summer,False,False,False,False,,False,
20250709,2025-07-09,9,190,Wednesday,3,28,7,July,Jul,2025-07,Q3,2025-Q3,2025,Summer,False,False,False,False,,False,
20250710,2025-07-10,10,191,Thursday,4,28,7,July,Jul,2025-07,Q3,2025-Q3,2025,Summer,False,False,False,False,,False,
20250711,2025-07-11,11,192,Friday,5,28,7,July,Jul,2025-07,Q3,2025-Q3,2025,Summer,False,False,False,False,,False,
20250712,2025-07-12,12,193,Saturday,6,28,7,July,Jul,2025-07,Q3,2025-Q3,2025,Summer,True,False,False,False,,False,
20250713,2025-07-13,13,194,Sunday,7,28,7,July,Jul,2025-07,Q3,2025-Q3,2025,Summer,True,False,False,False,,False,
20250714,2025-07-14,14,195,Monday,1,29,7,July,Jul,2025-07,Q3,2025-Q3,2025,Summer,False,False,False,False,,False,
20250715,2025-07-15,15,196,Tuesday,2,29,7,July,Jul,2025-07,Q3,2025-Q3,2025,Summer,False,False,False,False,,False,
20250716,2025-07-16,16,197,Wednesday,3,29,7,July,Jul,2025-07,Q3,2025-Q3,2025,Summer,False,False,False,False,,False,
20250717,2025-07-17,17,198,Thursday,4,29,7,July,Jul,2025-07,Q3,2025-Q3,2025,Summer,False,False,False,False,,False,
20250718,2025-07-18,18,199,Friday,5,29,7,July,Jul,2025-07,Q3,2025-Q3,2025,Summer,False,False,False,False,,False,
20250719,2025-07-19,19,200,Saturday,6,29,7,July,Jul,2025-07,Q3,2025-Q3,2025,Summer,True,False,False,False,,False,
20250720,2025-07-20,20,201,Sunday,7,29,7,July,Jul,2025-07,Q3,2025-Q3,2025,Summer,True,False,False,False,,False,
20250721,2025-07-21,21,202,Monday,1,30,7,July,Jul,2025-07,Q3,2025-Q3,2025,Summer,False,False,False,False,,False,
20250722,2025-07-22,22,203,Tuesday,2,30,7,July,Jul,2025-07,Q3,2025-Q3,2025,Summer,False,False,False,False,,False,
20250723,2025-07-23,23,204,Wednesday,3,30,7,July,Jul,2025-07,Q3,2025-Q3,2025,Summer,False,False,False,False,,False,
20250724,2025-07-24,24,205,Thursday,4,30,7,July,Jul,2025-07,Q3,2025-Q3,2025,Summer,False,False,False,False,,False,
20250725,2025-07-25,25,206,Friday,5,30,7,July,Jul,2025-07,Q3,2025-Q3,2025,Summer,False,False,False,False,,False,
20250726,2025-07-26,26,207,Saturday,6,30,7,July,Jul,2025-07,Q3,2025-Q3,2025,Summer,True,False,False,False,,False,
20250727,2025-07-27,27,208,Sunday,7,30,7,July,Jul,2025-07,Q3,2025-Q3,2025,Summer,True,False,False,False,,False,
20250728,2025-07-28,28,209,Monday,1,31,7,July,Jul,2025-07,Q3,2025-Q3,2025,Summer,False,False,False,False,,False,
20250729,2025-07-29,29,210,Tuesday,2,31,7,July,Jul,2025-07,Q3,2025-Q3,2025,Summer,False,False,False,False,,False,
20250730,2025-07-30,30,211,Wednesday,3,31,7,July,Jul,2025-07,Q3,2025-Q3,2025,Summer,False,False,False,False,,False,
20250731,2025-07-31,31,212,Thursday,4,31,7,July,Jul,2025-07,Q3,2025-Q3,2025,Summer,False,True,False,False,,False,
20250801,2025-08-01,1,213,Friday,5,31,8,August,Aug,2025-08,Q3,2025-Q3,2025,Summer,False,False,False,False,,False,
20250802,2025-08-02,2,214,Saturday,6,31,8,August,Aug,2025-08,Q3,2025-Q3,2025,Summer,True,False,False,False,,False,
20250803,2025-08-03,3,215,Sunday,7,31,8,August,Aug,2025-08,Q3,2025-Q3,2025,Summer,True,False,False,False,,False,
20250804,2025-08-04,4,216,Monday,1,32,8,August,Aug,2025-08,Q3,2025-Q3,2025,Summer,False,False,False,False,,False,
20250805,2025-08-05,5,217,Tuesday,2,32,8,August,Aug,2025-08,Q3,2025-Q3,2025,Summer,False,False,False,False,,False,
20250806,2025-08-06,6,218,Wednesday,3,32,8,August,Aug,2025-08,Q3,2025-Q3,2025,Summer,False,False,False,False,,False,
20250807,2025-08-07,7,219,Thursday,4,32,8,August,Aug,2025-08,Q3,2025-Q3,2025,Summer,False,False,False,False,,False,
20250808,2025-08-08,8,220,Friday,5,32,8,August,Aug,2025-08,Q3,2025-Q3,2025,Summer,False,False,False,False,,False,
20250809,2025-08-09,9,221,Saturday,6,32,8,August,Aug,2025-08,Q3,2025-Q3,2025,Summer,True,False,False,False,,False,
20250810,2025-08-10,10,222,Sunday,7,32,8,August,Aug,2025-08,Q3,2025-Q3,2025,Summer,True,False,False,False,,False,
20250811,2025-08-11,11,223,Monday,1,33,8,August,Aug,2025-08,Q3,2025-Q3,2025,Summer,False,False,False,False,,False,
20250812,2025-08-12,12,224,Tuesday,2,33,8,August,Aug,2025-08,Q3,2025-Q3,2025,Summer,False,False,False,False,,False,
20250813,2025-08-13,13,225,Wednesday,3,33,8,August,Aug,2025-08,Q3,2025-Q3,2025,Summer,False,False,False,False,,False,
20250814,2025-08-14,14,226,Thursday,4,33,8,August,Aug,2025-08,Q3,2025-Q3,2025,Summer,False,False,False,False,,False,
20250815,2025-08-15,15,227,Friday,5,33,8,August,Aug,2025-08,Q3,2025-Q3,2025,Summer,False,False,False,False,,False,
20250816,2025-08-16,16,228,Saturday,6,33,8,August,Aug,2025-08,Q3,2025-Q3,2025,Summer,True,False,False,False,,False,
20250817,2025-08-17,17,229,Sunday,7,33,8,August,Aug,2025-08,Q3,2025-Q3,2025,Summer,True,False,False,False,,False,
20250818,2025-08-18,18,230,Monday,1,34,8,August,Aug,2025-08,Q3,2025-Q3,2025,Summer,False,False,False,False,,False,
20250819,2025-08-19,19,231,Tuesday,2,34,8,August,Aug,2025-08,Q3,2025-Q3,2025,Summer,False,False,False,False,,False,
20250820,2025-08-20,20,232,Wednesday,3,34,8,August,Aug,2025-08,Q3,2025-Q3,2025,Summer,False,False,False,False,,False,
20250821,2025-08-21,21,233,Thursday,4,34,8,August,Aug,2025-08,Q3,2025-Q3,2025,Summer,False,False,False,False,,False,
20250822,2025-08-22,22,234,Friday,5,34,8,August,Aug,2025-08,Q3,2025-Q3,2025,Summer,False,False,False,False,,False,
20250823,2025-08-23,23,235,Saturday,6,34,8,August,Aug,2025-08,Q3,2025-Q3,2025,Summer,True,False,False,False,,False,
20250824,2025-08-24,24,236,Sunday,7,34,8,August,Aug,2025-08,Q3,2025-Q3,2025,Summer,True,False,False,False,,False,
20250825,2025-08-25,25,237,Monday,1,35,8,August,Aug,2025-08,Q3,2025-Q3,2025,Summer,False,False,False,True,Late Summer Bank Holiday,False,
20250826,2025-08-26,26,238,Tuesday,2,35,8,August,Aug,2025-08,Q3,2025-Q3,2025,Summer,False,False,False,False,,False,
20250827,2025-08-27,27,239,Wednesday,3,35,8,August,Aug,2025-08,Q3,2025-Q3,2025,Summer,False,False,False,False,,False,
20250828,2025-08-28,28,240,Thursday,4,35,8,August,Aug,2025-08,Q3,2025-Q3,2025,Summer,False,False,False,False,,False,
20250829,2025-08-29,29,241,Friday,5,35,8,August,Aug,2025-08,Q3,2025-Q3,2025,Summer,False,False,False,False,,False,
20250830,2025-08-30,30,242,Saturday,6,35,8,August,Aug,2025-08,Q3,2025-Q3,2025,Summer,True,False,False,False,,False,
20250831,2025-08-31,31,243,Sunday,7,35,8,August,Aug,2025-08,Q3,2025-Q3,2025,Summer,True,True,False,False,,False,
20250901,2025-09-01,1,244,Monday,1,36,9,September,Sep,2025-09,Q3,2025-Q3,2025,Autumn,False,False,False,False,,False,
20250902,2025-09-02,2,245,Tuesday,2,36,9,September,Sep,2025-09,Q3,2025-Q3,2025,Autumn,False,False,False,False,,False,
20250903,2025-09-03,3,246,Wednesday,3,36,9,September,Sep,2025-09,Q3,2025-Q3,2025,Autumn,False,False,False,False,,False,
20250904,2025-09-04,4,247,Thursday,4,36,9,September,Sep,2025-09,Q3,2025-Q3,2025,Autumn,False,False,False,False,,False,
20250905,2025-09-05,5,248,Friday,5,36,9,September,Sep,2025-09,Q3,2025-Q3,2025,Autumn,False,False,False,False,,False,
20250906,2025-09-06,6,249,Saturday,6,36,9,September,Sep,2025-09,Q3,2025-Q3,2025,Autumn,True,False,False,False,,False,
20250907,2025-09-07,7,250,Sunday,7,36,9,September,Sep,2025-09,Q3,2025-Q3,2025,Autumn,True,False,False,False,,False,
20250908,2025-09-08,8,251,Monday,1,37,9,September,Sep,2025-09,Q3,2025-Q3,2025,Autumn,False,False,False,False,,False,
20250909,2025-09-09,9,252,Tuesday,2,37,9,September,Sep,2025-09,Q3,2025-Q3,2025,Autumn,False,False,False,False,,False,
20250910,2025-09-10,10,253,Wednesday,3,37,9,September,Sep,2025-09,Q3,2025-Q3,2025,Autumn,False,False,False,False,,False,
20250911,2025-09-11,11,254,Thursday,4,37,9,September,Sep,2025-09,Q3,2025-Q3,2025,Autumn,False,False,False,False,,False,
20250912,2025-09-12,12,255,Friday,5,37,9,September,Sep,2025-09,Q3,2025-Q3,2025,Autumn,False,False,False,False,,False,
20250913,2025-09-13,13,256,Saturday,6,37,9,September,Sep,2025-09,Q3,2025-Q3,2025,Autumn,True,False,False,False,,False,
20250914,2025-09-14,14,257,Sunday,7,37,9,September,Sep,2025-09,Q3,2025-Q3,2025,Autumn,True,False,False,False,,False,
20250915,2025-09-15,15,258,Monday,1,38,9,September,Sep,2025-09,Q3,2025-Q3,2025,Autumn,False,False,False,False,,False,
20250916,2025-09-16,16,259,Tuesday,2,38,9,September,Sep,2025-09,Q3,2025-Q3,2025,Autumn,False,False,False,False,,False,
20250917,2025-09-17,17,260,Wednesday,3,38,9,September,Sep,2025-09,Q3,2025-Q3,2025,Autumn,False,False,False,False,,False,
20250918,2025-09-18,18,261,Thursday,4,38,9,September,Sep,2025-09,Q3,2025-Q3,2025,Autumn,False,False,False,False,,False,
20250919,2025-09-19,19,262,Friday,5,38,9,September,Sep,2025-09,Q3,2025-Q3,2025,Autumn,False,False,False,False,,False,
20250920,2025-09-20,20,263,Saturday,6,38,9,September,Sep,2025-09,Q3,2025-Q3,2025,Autumn,True,False,False,False,,False,
20250921,2025-09-21,21,264,Sunday,7,38,9,September,Sep,2025-09,Q3,2025-Q3,2025,Autumn,True,False,False,False,,False,
20250922,2025-09-22,22,265,Monday,1,39,9,September,Sep,2025-09,Q3,2025-Q3,2025,Autumn,False,False,False,False,,False,
20250923,2025-09-23,23,266,Tuesday,2,39,9,September,Sep,2025-09,Q3,2025-Q3,2025,Autumn,False,False,False,False,,False,
20250924,2025-09-24,24,267,Wednesday,3,39,9,September,Sep,2025-09,Q3,2025-Q3,2025,Autumn,False,False,False,False,,False,
20250925,2025-09-25,25,268,Thursday,4,39,9,September,Sep,2025-09,Q3,2025-Q3,2025,Autumn,False,False,False,False,,False,
20250926,2025-09-26,26,269,Friday,5,39,9,September,Sep,2025-09,Q3,2025-Q3,2025,Autumn,False,False,False,False,,False,
20250927,2025-09-27,27,270,Saturday,6,39,9,September,Sep,2025-09,Q3,2025-Q3,2025,Autumn,True,False,False,False,,False,
20250928,2025-09-28,28,271,Sunday,7,39,9,September,Sep,2025-09,Q3,2025-Q3,2025,Autumn,True,False,False,False,,False,
20250929,2025-09-29,29,272,Monday,1,40,9,September,Sep,2025-09,Q3,2025-Q3,2025,Autumn,False,False,False,False,,False,
20250930,2025-09-30,30,273,Tuesday,2,40,9,September,Sep,2025-09,Q3,2025-Q3,2025,Autumn,False,True,False,False,,False,
20251001,2025-10-01,1,274,Wednesday,3,40,10,October,Oct,2025-10,Q4,2025-Q4,2025,Autumn,False,False,False,False,,False,
20251002,2025-10-02,2,275,Thursday,4,40,10,October,Oct,2025-10,Q4,2025-Q4,2025,Autumn,False,False,False,False,,False,
20251003,2025-10-03,3,276,Friday,5,40,10,October,Oct,2025-10,Q4,2025-Q4,2025,Autumn,False,False,False,False,,False,
20251004,2025-10-04,4,277,Saturday,6,40,10,October,Oct,2025-10,Q4,2025-Q4,2025,Autumn,True,False,False,False,,False,
20251005,2025-10-05,5,278,Sunday,7,40,10,October,Oct,2025-10,Q4,2025-Q4,2025,Autumn,True,False,False,False,,False,
20251006,2025-10-06,6,279,Monday,1,41,10,October,Oct,2025-10,Q4,2025-Q4,2025,Autumn,False,False,False,False,,False,
20251007,2025-10-07,7,280,Tuesday,2,41,10,October,Oct,2025-10,Q4,2025-Q4,2025,Autumn,False,False,False,False,,False,
20251008,2025-10-08,8,281,Wednesday,3,41,10,October,Oct,2025-10,Q4,2025-Q4,2025,Autumn,False,False,False,False,,False,
20251009,2025-10-09,9,282,Thursday,4,41,10,October,Oct,2025-10,Q4,2025-Q4,2025,Autumn,False,False,False,False,,False,
20251010,2025-10-10,10,283,Friday,5,41,10,October,Oct,2025-10,Q4,2025-Q4,2025,Autumn,False,False,False,False,,False,
20251011,2025-10-11,11,284,Saturday,6,41,10,October,Oct,2025-10,Q4,2025-Q4,2025,Autumn,True,False,False,False,,False,
20251012,2025-10-12,12,285,Sunday,7,41,10,October,Oct,2025-10,Q4,2025-Q4,2025,Autumn,True,False,False,False,,False,
20251013,2025-10-13,13,286,Monday,1,42,10,October,Oct,2025-10,Q4,2025-Q4,2025,Autumn,False,False,False,False,,False,
20251014,2025-10-14,14,287,Tuesday,2,42,10,October,Oct,2025-10,Q4,2025-Q4,2025,Autumn,False,False,False,False,,False,
20251015,2025-10-15,15,288,Wednesday,3,42,10,October,Oct,2025-10,Q4,2025-Q4,2025,Autumn,False,False,False,False,,False,
20251016,2025-10-16,16,289,Thursday,4,42,10,October,Oct,2025-10,Q4,2025-Q4,2025,Autumn,False,False,False,False,,False,
20251017,2025-10-17,17,290,Friday,5,42,10,October,Oct,2025-10,Q4,2025-Q4,2025,Autumn,False,False,False,False,,False,
20251018,2025-10-18,18,291,Saturday,6,42,10,October,Oct,2025-10,Q4,2025-Q4,2025,Autumn,True,False,False,False,,False,
20251019,2025-10-19,19,292,Sunday,7,42,10,October,Oct,2025-10,Q4,2025-Q4,2025,Autumn,True,False,False,False,,False,
20251020,2025-10-20,20,293,Monday,1,43,10,October,Oct,2025-10,Q4,2025-Q4,2025,Autumn,False,False,False,False,,False,
20251021,2025-10-21,21,294,Tuesday,2,43,10,October,Oct,2025-10,Q4,2025-Q4,2025,Autumn,False,False,False,False,,False,
20251022,2025-10-22,22,295,Wednesday,3,43,10,October,Oct,2025-10,Q4,2025-Q4,2025,Autumn,False,False,False,False,,False,
20251023,2025-10-23,23,296,Thursday,4,43,10,October,Oct,2025-10,Q4,2025-Q4,2025,Autumn,False,False,False,False,,False,
20251024,2025-10-24,24,297,Friday,5,43,10,October,Oct,2025-10,Q4,2025-Q4,2025,Autumn,False,False,False,False,,False,
20251025,2025-10-25,25,298,Saturday,6,43,10,October,Oct,2025-10,Q4,2025-Q4,2025,Autumn,True,False,False,False,,False,
20251026,2025-10-26,26,299,Sunday,7,43,10,October,Oct,2025-10,Q4,2025-Q4,2025,Autumn,True,False,False,False,,False,
20251027,2025-10-27,27,300,Monday,1,44,10,October,Oct,2025-10,Q4,2025-Q4,2025,Autumn,False,False,False,False,,False,
20251028,2025-10-28,28,301,Tuesday,2,44,10,October,Oct,2025-10,Q4,2025-Q4,2025,Autumn,False,False,False,False,,False,
20251029,2025-10-29,29,302,Wednesday,3,44,10,October,Oct,2025-10,Q4,2025-Q4,2025,Autumn,False,False,False,False,,False,
20251030,2025-10-30,30,303,Thursday,4,44,10,October,Oct,2025-10,Q4,2025-Q4,2025,Autumn,False,False,False,False,,False,
20251031,2025-10-31,31,304,Friday,5,44,10,October,Oct,2025-10,Q4,2025-Q4,2025,Autumn,False,True,False,False,,True,Halloween
20251101,2025-11-01,1,305,Saturday,6,44,11,November,Nov,2025-11,Q4,2025-Q4,2025,Autumn,True,False,False,False,,False,
20251102,2025-11-02,2,306,Sunday,7,44,11,November,Nov,2025-11,Q4,2025-Q4,2025,Autumn,True,False,False,False,,False,
20251103,2025-11-03,3,307,Monday,1,45,11,November,Nov,2025-11,Q4,2025-Q4,2025,Autumn,False,False,False,False,,False,
20251104,2025-11-04,4,308,Tuesday,2,45,11,November,Nov,2025-11,Q4,2025-Q4,2025,Autumn,False,False,False,False,,False,
20251105,2025-11-05,5,309,Wednesday,3,45,11,November,Nov,2025-11,Q4,2025-Q4,2025,Autumn,False,False,False,False,,False,
20251106,2025-11-06,6,310,Thursday,4,45,11,November,Nov,2025-11,Q4,2025-Q4,2025,Autumn,False,False,False,False,,False,
20251107,2025-11-07,7,311,Friday,5,45,11,November,Nov,2025-11,Q4,2025-Q4,2025,Autumn,False,False,False,False,,False,
20251108,2025-11-08,8,312,Saturday,6,45,11,November,Nov,2025-11,Q4,2025-Q4,2025,Autumn,True,False,False,False,,False,
20251109,2025-11-09,9,313,Sunday,7,45,11,November,Nov,2025-11,Q4,2025-Q4,2025,Autumn,True,False,False,False,,False,
20251110,2025-11-10,10,314,Monday,1,46,11,November,Nov,2025-11,Q4,2025-Q4,2025,Autumn,False,False,False,False,,False,
20251111,2025-11-11,11,315,Tuesday,2,46,11,November,Nov,2025-11,Q4,2025-Q4,2025,Autumn,False,False,False,False,,False,
20251112,2025-11-12,12,316,Wednesday,3,46,11,November,Nov,2025-11,Q4,2025-Q4,2025,Autumn,False,False,False,False,,False,
20251113,2025-11-13,13,317,Thursday,4,46,11,November,Nov,2025-11,Q4,2025-Q4,2025,Autumn,False,False,False,False,,False,
20251114,2025-11-14,14,318,Friday,5,46,11,November,Nov,2025-11,Q4,2025-Q4,2025,Autumn,False,False,False,False,,False,
20251115,2025-11-15,15,319,Saturday,6,46,11,November,Nov,2025-11,Q4,2025-Q4,2025,Autumn,True,False,False,False,,False,
20251116,2025-11-16,16,320,Sunday,7,46,11,November,Nov,2025-11,Q4,2025-Q4,2025,Autumn,True,False,False,False,,False,
20251117,2025-11-17,17,321,Monday,1,47,11,November,Nov,2025-11,Q4,2025-Q4,2025,Autumn,False,False,False,False,,False,
20251118,2025-11-18,18,322,Tuesday,2,47,11,November,Nov,2025-11,Q4,2025-Q4,2025,Autumn,False,False,False,False,,False,
20251119,2025-11-19,19,323,Wednesday,3,47,11,November,Nov,2025-11,Q4,2025-Q4,2025,Autumn,False,False,False,False,,False,
20251120,2025-11-20,20,324,Thursday,4,47,11,November,Nov,2025-11,Q4,2025-Q4,2025,Autumn,False,False,False,False,,False,
20251121,2025-11-21,21,325,Friday,5,47,11,November,Nov,2025-11,Q4,2025-Q4,2025,Autumn,False,False,False,False,,False,
20251122,2025-11-22,22,326,Saturday,6,47,11,November,Nov,2025-11,Q4,2025-Q4,2025,Autumn,True,False,False,False,,False,
20251123,2025-11-23,23,327,Sunday,7,47,11,November,Nov,2025-11,Q4,2025-Q4,2025,Autumn,True,False,False,False,,False,
20251124,2025-11-24,24,328,Monday,1,48,11,November,Nov,2025-11,Q4,2025-Q4,2025,Autumn,False,False,False,False,,False,
20251125,2025-11-25,25,329,Tuesday,2,48,11,November,Nov,2025-11,Q4,2025-Q4,2025,Autumn,False,False,False,False,,False,
20251126,2025-11-26,26,330,Wednesday,3,48,11,November,Nov,2025-11,Q4,2025-Q4,2025,Autumn,False,False,False,False,,False,
20251127,2025-11-27,27,331,Thursday,4,48,11,November,Nov,2025-11,Q4,2025-Q4,2025,Autumn,False,False,False,False,,False,
20251128,2025-11-28,28,332,Friday,5,48,11,November,Nov,2025-11,Q4,2025-Q4,2025,Autumn,False,False,False,False,,True,Black Friday
20251129,2025-11-29,29,333,Saturday,6,48,11,November,Nov,2025-11,Q4,2025-Q4,2025,Autumn,True,False,False,False,,False,
20251130,2025-11-30,30,334,Sunday,7,48,11,November,Nov,2025-11,Q4,2025-Q4,2025,Autumn,True,True,False,False,,False,
20251201,2025-12-01,1,335,Monday,1,49,12,December,Dec,2025-12,Q4,2025-Q4,2025,Winter,False,False,False,False,,True,Cyber Monday
20251202,2025-12-02,2,336,Tuesday,2,49,12,December,Dec,2025-12,Q4,2025-Q4,2025,Winter,False,False,False,False,,False,
20251203,2025-12-03,3,337,Wednesday,3,49,12,December,Dec,2025-12,Q4,2025-Q4,2025,Winter,False,False,False,False,,False,
20251204,2025-12-04,4,338,Thursday,4,49,12,December,Dec,2025-12,Q4,2025-Q4,2025,Winter,False,False,False,False,,False,
20251205,2025-12-05,5,339,Friday,5,49,12,December,Dec,2025-12,Q4,2025-Q4,2025,Winter,False,False,False,False,,False,
20251206,2025-12-06,6,340,Saturday,6,49,12,December,Dec,2025-12,Q4,2025-Q4,2025,Winter,True,False,False,False,,False,
20251207,2025-12-07,7,341,Sunday,7,49,12,December,Dec,2025-12,Q4,2025-Q4,2025,Winter,True,False,False,False,,False,
20251208,2025-12-08,8,342,Monday,1,50,12,December,Dec,2025-12,Q4,2025-Q4,2025,Winter,False,False,False,False,,False,
20251209,2025-12-09,9,343,Tuesday,2,50,12,December,Dec,2025-12,Q4,2025-Q4,2025,Winter,False,False,False,False,,False,
20251210,2025-12-10,10,344,Wednesday,3,50,12,December,Dec,2025-12,Q4,2025-Q4,2025,Winter,False,False,False,False,,False,
20251211,2025-12-11,11,345,Thursday,4,50,12,December,Dec,2025-12,Q4,2025-Q4,2025,Winter,False,False,False,False,,False,
20251212,2025-12-12,12,346,Friday,5,50,12,December,Dec,2025-12,Q4,2025-Q4,2025,Winter,False,False,False,False,,False,
20251213,2025-12-13,13,347,Saturday,6,50,12,December,Dec,2025-12,Q4,2025-Q4,2025,Winter,True,False,False,False,,False,
20251214,2025-12-14,14,348,Sunday,7,50,12,December,Dec,2025-12,Q4,2025-Q4,2025,Winter,True,False,False,False,,False,
20251215,2025-12-15,15,349,Monday,1,51,12,December,Dec,2025-12,Q4,2025-Q4,2025,Winter,False,False,False,False,,False,
20251216,2025-12-16,16,350,Tuesday,2,51,12,December,Dec,2025-12,Q4,2025-Q4,2025,Winter,False,False,False,False,,False,
20251217,2025-12-17,17,351,Wednesday,3,51,12,December,Dec,2025-12,Q4,2025-Q4,2025,Winter,False,False,False,False,,False,
20251218,2025-12-18,18,352,Thursday,4,51,12,December,Dec,2025-12,Q4,2025-Q4,2025,Winter,False,False,False,False,,False,
20251219,2025-12-19,19,353,Friday,5,51,12,December,Dec,2025-12,Q4,2025-Q4,2025,Winter,False,False,False,False,,False,
20251220,2025-12-20,20,354,Saturday,6,51,12,December,Dec,2025-12,Q4,2025-Q4,2025,Winter,True,False,False,False,,False,
20251221,2025-12-21,21,355,Sunday,7,51,12,December,Dec,2025-12,Q4,2025-Q4,2025,Winter,True,False,False,False,,False,
20251222,2025-12-22,22,356,Monday,1,52,12,December,Dec,2025-12,Q4,2025-Q4,2025,Winter,False,False,False,False,,False,
20251223,2025-12-23,23,357,Tuesday,2,52,12,December,Dec,2025-12,Q4,2025-Q4,2025,Winter,False,False,False,False,,False,
20251224,2025-12-24,24,358,Wednesday,3,52,12,December,Dec,2025-12,Q4,2025-Q4,2025,Winter,False,False,False,False,,False,
20251225,2025-12-25,25,359,Thursday,4,52,12,December,Dec,2025-12,Q4,2025-Q4,2025,Winter,False,False,False,True,Christmas Day,False,
20251226,2025-12-26,26,360,Friday,5,52,12,December,Dec,2025-12,Q4,2025-Q4,2025,Winter,False,False,False,True,Boxing Day,False,
20251227,2025-12-27,27,361,Saturday,6,52,12,December,Dec,2025-12,Q4,2025-Q4,2025,Winter,True,False,False,False,,False,
20251228,2025-12-28,28,362,Sunday,7,52,12,December,Dec,2025-12,Q4,2025-Q4,2025,Winter,True,False,False,False,,False,
20251229,2025-12-29,29,363,Monday,1,1,12,December,Dec,2025-12,Q4,2025-Q4,2025,Winter,False,False,False,False,,False,
20251230,2025-12-30,30,364,Tuesday,2,1,12,December,Dec,2025-12,Q4,2025-Q4,2025,Winter,False,False,False,False,,False,
20251231,2025-12-31,31,365,Wednesday,3,1,12,December,Dec,2025-12,Q4,2025-Q4,2025,Winter,False,True,True,False,,False,
